Metadata_Well,Metadata_plate_map_name,Metadata_Plate,Metadata_Compound,Metadata_Concentration,Metadata_Categories,Metadata_Count_Cells,Metadata_Count_Cells_Normalized,Metadata_Count_Cells_Normalized
A01,BR00145692,BR00145686,LY2109761,5.1,JUMP Control,1570,-6.069453277061533,-6.069453277061533
A02,BR00145692,BR00145686,Cladribine,1.235,Positive Control,3059,-3.199976874602533,-3.1999768746025326
A03,BR00145692,BR00145686,Treprostinil,3.704,Negative Control,3355,-2.6295504037308977,-2.6295504037308977
A04,BR00145692,BR00145686,Aminodarone Hydrochloride,0.154,Positive Control,3784,-1.8028174442581568,-1.8028174442581566
A05,BR00145692,BR00145686,Actinomycin D,300.0,Positive Control,1822,-5.583819930238385,-5.583819930238385
A06,BR00145692,BR00145686,MUPIROCIN,100.0,Negative Control,3626,-2.1073018442504483,-2.1073018442504483
A07,BR00145692,BR00145686,Staurosporine,0.015,Positive Control,3891,-1.5966159835038831,-1.5966159835038833
A08,BR00145692,BR00145686,"5,8,11-Eicosatriynoic acid",0.015,Positive Control,3014,-3.286697115106666,-3.286697115106666
A09,BR00145692,BR00145686,UNTREATED,0.0,Negative Control,3580,-2.195949201210229,-2.195949201210229
A10,BR00145692,BR00145686,Lys05,0.001,Positive Control,3477,-2.394442196141913,-2.394442196141913
A11,BR00145692,BR00145686,TC-S 7004,5.1,JUMP Control,3351,-2.637258869553487,-2.637258869553487
A12,BR00145692,BR00145686,UNTREATED,0.0,Negative Control,3418,-2.5081420670251107,-2.5081420670251107
A13,BR00145692,BR00145686,Nedocromil (sodium salt),2.778,Negative Control,3921,-1.5388024898344608,-1.5388024898344608
A14,BR00145692,BR00145686,Rifampicin,33.333,Positive Control,3566,-2.222928831589293,-2.222928831589293
A15,BR00145692,BR00145686,Amperozide,300.0,Positive Control,3536,-2.2807423252587156,-2.2807423252587156
A16,BR00145692,BR00145686,IOPANOIC ACID,0.137,Negative Control,4308,-0.7930084214989113,-0.7930084214989113
A17,BR00145692,BR00145686,DMSO,0.0,Negative Control,3634,-2.091884912605269,-2.091884912605269
A18,BR00145692,BR00145686,Triamcinolone acetonide,0.137,Negative Control,3828,-1.7180243202096703,-1.7180243202096703
A19,BR00145692,BR00145686,Colistin Methanesulfonate (sodium salt),0.412,Negative Control,3988,-1.409685687306084,-1.409685687306084
A20,BR00145692,BR00145686,DMSO,0.0,Negative Control,4188,-1.024262396176601,-1.024262396176601
A21,BR00145692,BR00145686,"5,6-benzoflavone",0.137,Positive Control,3863,-1.650575244262011,-1.650575244262011
A22,BR00145692,BR00145686,Calcipotriol (hydrate),0.015,Negative Control,4204,-0.9934285328862424,-0.9934285328862423
A23,BR00145692,BR00145686,Cucurbitacin I,33.333,Positive Control,4165,-1.0685860746564917,-1.0685860746564915
A24,BR00145692,BR00145686,UNTREATED,0.0,Negative Control,3842,-1.6910446898306066,-1.6910446898306066
B01,BR00145692,BR00145686,"5,6-benzoflavone",0.412,Positive Control,3264,-2.8049180011948125,-2.8049180011948125
B02,BR00145692,BR00145686,"5,8,11-Eicosatriynoic acid",1.235,Positive Control,3479,-2.390587963230618,-2.390587963230618
B03,BR00145692,BR00145686,UNTREATED,0.0,Negative Control,4137,-1.122545335414619,-1.122545335414619
B04,BR00145692,BR00145686,Amperozide,0.046,Positive Control,4959,0.4615443911275558,0.46154439112755585
B05,BR00145692,BR00145686,Staurosporine,33.333,Positive Control,4387,-0.6407662215027654,-0.6407662215027654
B06,BR00145692,BR00145686,Calcipotriol (hydrate),100.0,Negative Control,4583,-0.2630513961958721,-0.26305139619587214
B07,BR00145692,BR00145686,LY2109761,5.1,JUMP Control,4418,-0.5810256113776956,-0.5810256113776956
B08,BR00145692,BR00145686,Actinomycin D,33.333,Positive Control,2568,-4.1461910543254135,-4.1461910543254135
B09,BR00145692,BR00145686,DMSO,0.0,Negative Control,4608,-0.2148734848046867,-0.21487348480468677
B10,BR00145692,BR00145686,Cladribine,0.137,Positive Control,4600,-0.2302904164498661,-0.2302904164498661
B11,BR00145692,BR00145686,Berberine chloride,2.778,Positive Control,4433,-0.5521188645429843,-0.5521188645429843
B12,BR00145692,BR00145686,CLIOQUINOL,1.235,Negative Control,5080,0.694725482260893,0.694725482260893
B13,BR00145692,BR00145686,MUPIROCIN,0.015,Negative Control,5023,0.5848798442889904,0.5848798442889904
B14,BR00145692,BR00145686,PEMIROLAST POTASSIUM,0.309,Negative Control,5184,0.8951455936482242,0.8951455936482242
B15,BR00145692,BR00145686,DMSO,0.0,Negative Control,5177,0.8816557784586924,0.8816557784586924
B16,BR00145692,BR00145686,Nedocromil (sodium salt),8.333,Negative Control,5136,0.8026440037771483,0.8026440037771483
B17,BR00145692,BR00145686,Lys05,15.0,Positive Control,5542,1.5850532847699987,1.5850532847699987
B18,BR00145692,BR00145686,Aminodarone Hydrochloride,37.5,Positive Control,5160,0.8488947987126862,0.8488947987126862
B19,BR00145692,BR00145686,NVS-PAK1-1,5.1,JUMP Control,5255,1.0319708619991907,1.0319708619991907
B20,BR00145692,BR00145686,Rifampicin,11.111,Positive Control,4678,-0.0799753329093677,-0.07997533290936772
B21,BR00145692,BR00145686,FCCP,0.015,Positive Control,4703,-0.0317974215181823,-0.031797421518182344
B22,BR00145692,BR00145686,UNTREATED,0.0,Negative Control,2529,-4.2213485960956625,-4.2213485960956625
B23,BR00145692,BR00145686,Treprostinil,100.0,Negative Control,4395,-0.6253492898575861,-0.6253492898575861
B24,BR00145692,BR00145686,Triamcinolone acetonide,0.046,Negative Control,4310,-0.7891541885876164,-0.7891541885876164
C01,BR00145692,BR00145686,UNTREATED,0.0,Negative Control,3277,-2.779865487271396,-2.779865487271396
C02,BR00145692,BR00145686,Quinidine,5.1,JUMP Control,5114,0.7602474417529052,0.7602474417529052
C03,BR00145692,BR00145686,Lys05,0.556,Positive Control,4653,-0.128153244300553,-0.12815324430055308
C04,BR00145692,BR00145686,Colistin Methanesulfonate (sodium salt),33.333,Negative Control,3961,-1.4617178316085642,-1.4617178316085642
C05,BR00145692,BR00145686,DMSO,0.0,Negative Control,4702,-0.0337245379738297,-0.03372453797382976
C06,BR00145692,BR00145686,CLIOQUINOL,0.015,Negative Control,4589,-0.2514886974619876,-0.25148869746198765
C07,BR00145692,BR00145686,Bevirimat,33.333,Negative Control,3894,-1.590834634136941,-1.590834634136941
C08,BR00145692,BR00145686,UNTREATED,0.0,Negative Control,5054,0.6446204544140602,0.6446204544140602
C09,BR00145692,BR00145686,Natamycin,0.093,Negative Control,4578,-0.2726869784741092,-0.2726869784741092
C10,BR00145692,BR00145686,Amperozide,3.704,Positive Control,4607,-0.2168006012603341,-0.21680060126033418
C11,BR00145692,BR00145686,Aminodarone Hydrochloride,0.006,Positive Control,4768,0.0934651480988996,0.09346514809889962
C12,BR00145692,BR00145686,Triamcinolone acetonide,0.015,Negative Control,4739,0.0375787708851245,0.03757877088512459
C13,BR00145692,BR00145686,UNTREATED,0.0,Negative Control,4986,0.5135765354300361,0.5135765354300361
C14,BR00145692,BR00145686,"5,6-benzoflavone",300.0,Positive Control,4471,-0.4788884392283826,-0.4788884392283826
C15,BR00145692,BR00145686,Imiquimod,0.185,Negative Control,5113,0.7583203252972578,0.7583203252972578
C16,BR00145692,BR00145686,MILTEFOSINE,0.0,Negative Control,5156,0.8411863328900966,0.8411863328900966
C17,BR00145692,BR00145686,Cycloheximide,1.235,Positive Control,4190,-1.020408163265306,-1.0204081632653061
C18,BR00145692,BR00145686,FK-866,5.1,JUMP Control,5669,1.8297970746372203,1.8297970746372205
C19,BR00145692,BR00145686,Fluazinam,11.111,Positive Control,4378,-0.6581102696035922,-0.6581102696035922
C20,BR00145692,BR00145686,DMSO,0.0,Negative Control,4950,0.4442003430267291,0.4442003430267291
C21,BR00145692,BR00145686,Ethoxyquin,11.111,Positive Control,4620,-0.1917480873369177,-0.19174808733691778
C22,BR00145692,BR00145686,Rifampicin,100.0,Positive Control,5328,1.172650363261452,1.172650363261452
C23,BR00145692,BR00145686,Cladribine,100.0,Positive Control,4564,-0.299666608853173,-0.29966660885317303
C24,BR00145692,BR00145686,Actinomycin D,0.015,Positive Control,4366,-0.6812356670713612,-0.6812356670713612
D01,BR00145692,BR00145686,Actinomycin D,0.137,Positive Control,3245,-2.8415332138521134,-2.8415332138521134
D02,BR00145692,BR00145686,Cycloheximide,0.137,Positive Control,3623,-2.1130831936173906,-2.1130831936173906
D03,BR00145692,BR00145686,Aminodarone Hydrochloride,0.002,Positive Control,4156,-1.0859301227573184,-1.0859301227573184
D04,BR00145692,BR00145686,Cucurbitacin I,100.0,Positive Control,2762,-3.7723304619298146,-3.7723304619298146
D05,BR00145692,BR00145686,Imiquimod,15.0,Negative Control,5058,0.6523289202366499,0.6523289202366499
D06,BR00145692,BR00145686,Aloxistatin,5.1,JUMP Control,4134,-1.1283266847815614,-1.1283266847815614
D07,BR00145692,BR00145686,Natamycin,0.0,Negative Control,5197,0.9201981075716406,0.9201981075716406
D08,BR00145692,BR00145686,Amperozide,0.412,Positive Control,4726,0.0125262569617081,0.012526256961708197
D09,BR00145692,BR00145686,CLIOQUINOL,300.0,Negative Control,5337,1.189994411362279,1.1899944113622787
D10,BR00145692,BR00145686,Calcipotriol (hydrate),1.235,Negative Control,4579,-0.2707598620184618,-0.2707598620184618
D11,BR00145692,BR00145686,FK-866,5.1,JUMP Control,4081,-1.2304638569308743,-1.2304638569308743
D12,BR00145692,BR00145686,IOPANOIC ACID,3.704,Negative Control,4611,-0.2090921354377445,-0.20909213543774452
D13,BR00145692,BR00145686,DMSO,0.0,Negative Control,4775,0.1069549632884315,0.10695496328843153
D14,BR00145692,BR00145686,UNTREATED,0.0,Negative Control,5018,0.5752442620107533,0.5752442620107533
D15,BR00145692,BR00145686,Bevirimat,0.015,Negative Control,5227,0.978011601241063,0.978011601241063
D16,BR00145692,BR00145686,DMSO,0.0,Negative Control,5946,2.3636083328515545,2.3636083328515545
D17,BR00145692,BR00145686,Cladribine,33.333,Positive Control,4589,-0.2514886974619876,-0.25148869746198765
D18,BR00145692,BR00145686,UNTREATED,0.0,Negative Control,4995,0.5309205835308628,0.5309205835308628
D19,BR00145692,BR00145686,FCCP,1.235,Positive Control,5121,0.7737372569424371,0.7737372569424371
D20,BR00145692,BR00145686,UNTREATED,0.0,Negative Control,5127,0.7852999556763216,0.7852999556763216
D21,BR00145692,BR00145686,Fluazinam,100.0,Positive Control,3393,-2.556319978416296,-2.5563199784162958
D22,BR00145692,BR00145686,Treprostinil,11.111,Negative Control,4543,-0.3401360544217687,-0.34013605442176875
D23,BR00145692,BR00145686,MILTEFOSINE,0.093,Negative Control,5052,0.6407662215027654,0.6407662215027654
D24,BR00145692,BR00145686,UNTREATED,0.0,Negative Control,4919,0.3844597329016592,0.38445973290165925
E01,BR00145692,BR00145686,Staurosporine,0.137,Positive Control,3948,-1.4867703455319805,-1.4867703455319805
E02,BR00145692,BR00145686,UNTREATED,0.0,Negative Control,4154,-1.089784355668613,-1.089784355668613
E03,BR00145692,BR00145686,AMG 900,5.1,JUMP Control,4199,-1.0030641151644797,-1.0030641151644795
E04,BR00145692,BR00145686,IOPANOIC ACID,33.333,Negative Control,4377,-0.6600373860592396,-0.6600373860592396
E05,BR00145692,BR00145686,MILTEFOSINE,0.01,Negative Control,4406,-0.6041510088454646,-0.6041510088454646
E06,BR00145692,BR00145686,Berberine chloride,0.309,Positive Control,4266,-0.8739473126361027,-0.8739473126361027
E07,BR00145692,BR00145686,Calcipotriol (hydrate),300.0,Negative Control,5943,2.357826983484612,2.357826983484612
E08,BR00145692,BR00145686,Ethoxyquin,0.412,Positive Control,3969,-1.4463008999633848,-1.4463008999633848
E09,BR00145692,BR00145686,Nedocromil (sodium salt),25.0,Negative Control,5261,1.0435335607330751,1.0435335607330751
E10,BR00145692,BR00145686,DMSO,0.0,Negative Control,4517,-0.3902410822686015,-0.3902410822686015
E11,BR00145692,BR00145686,Fluazinam,300.0,Positive Control,3811,-1.7507852999556763,-1.7507852999556763
E12,BR00145692,BR00145686,PEMIROLAST POTASSIUM,0.004,Negative Control,4814,0.1821125050586807,0.1821125050586807
E13,BR00145692,BR00145686,Cycloheximide,11.111,Positive Control,4322,-0.7660287911198475,-0.7660287911198475
E14,BR00145692,BR00145686,LY2109761,5.1,JUMP Control,5419,1.3480179607253666,1.3480179607253666
E15,BR00145692,BR00145686,FCCP,300.0,Positive Control,1929,-5.377618469484111,-5.377618469484111
E16,BR00145692,BR00145686,Actinomycin D,0.412,Positive Control,3369,-2.6025707733518337,-2.6025707733518337
E17,BR00145692,BR00145686,UNTREATED,0.0,Negative Control,4149,-1.09941993794685,-1.0994199379468501
E18,BR00145692,BR00145686,Cucurbitacin I,11.111,Positive Control,4825,0.2033107860708022,0.20331078607080227
E19,BR00145692,BR00145686,MUPIROCIN,0.046,Negative Control,4948,0.4403461101154343,0.4403461101154343
E20,BR00145692,BR00145686,Imiquimod,0.001,Negative Control,5216,0.9568133202289416,0.9568133202289415
E21,BR00145692,BR00145686,DMSO,0.0,Negative Control,4502,-0.4191478291033127,-0.4191478291033127
E22,BR00145692,BR00145686,Lys05,0.185,Positive Control,4837,0.2264361835385712,0.22643618353857126
E23,BR00145692,BR00145686,CLIOQUINOL,0.412,Negative Control,5095,0.7236322290956043,0.7236322290956043
E24,BR00145692,BR00145686,Treprostinil,300.0,Negative Control,2921,-3.4659189454818757,-3.4659189454818757
F01,BR00145692,BR00145686,Triamcinolone acetonide,0.412,Negative Control,4350,-0.7120695303617198,-0.7120695303617198
F02,BR00145692,BR00145686,PEMIROLAST POTASSIUM,8.333,Negative Control,4550,-0.3266462392322368,-0.32664623923223685
F03,BR00145692,BR00145686,Imiquimod,0.002,Negative Control,4482,-0.457690158216261,-0.457690158216261
F04,BR00145692,BR00145686,Bevirimat,0.046,Negative Control,4622,-0.1878938544256229,-0.18789385442562295
F05,BR00145692,BR00145686,DMSO,0.0,Negative Control,5199,0.9240523404829354,0.9240523404829354
F06,BR00145692,BR00145686,"5,8,11-Eicosatriynoic acid",3.704,Positive Control,4815,0.1840396215143281,0.18403962151432812
F07,BR00145692,BR00145686,Fluazinam,0.015,Positive Control,4505,-0.4133664797363705,-0.4133664797363705
F08,BR00145692,BR00145686,DMSO,0.0,Negative Control,4384,-0.6465475708697077,-0.6465475708697077
F09,BR00145692,BR00145686,Rifampicin,0.046,Positive Control,4895,0.3382089379661213,0.33820893796612134
F10,BR00145692,BR00145686,FCCP,33.333,Positive Control,4694,-0.049141469619009,-0.04914146961900908
F11,BR00145692,BR00145686,Ethoxyquin,0.137,Positive Control,4737,0.0337245379738297,0.03372453797382976
F12,BR00145692,BR00145686,Nedocromil (sodium salt),0.926,Negative Control,4801,0.1570599911352643,0.1570599911352643
F13,BR00145692,BR00145686,Cucurbitacin I,3.704,Positive Control,4164,-1.070513191112139,-1.070513191112139
F14,BR00145692,BR00145686,Colistin Methanesulfonate (sodium salt),3.704,Negative Control,4862,0.2746140949297566,0.27461409492975664
F15,BR00145692,BR00145686,"5,6-benzoflavone",100.0,Positive Control,5002,0.5444103987203948,0.5444103987203948
F16,BR00145692,BR00145686,CLIOQUINOL,0.137,Negative Control,4436,-0.5463375151760421,-0.5463375151760421
F17,BR00145692,BR00145686,IOPANOIC ACID,0.046,Negative Control,5036,0.6099323582124068,0.6099323582124068
F18,BR00145692,BR00145686,Staurosporine,3.704,Positive Control,5195,0.9163438746603458,0.9163438746603458
F19,BR00145692,BR00145686,Berberine chloride,25.0,Positive Control,4557,-0.3131564240427049,-0.31315642404270494
F20,BR00145692,BR00145686,Cladribine,0.046,Positive Control,4515,-0.3940953151798963,-0.3940953151798963
F21,BR00145692,BR00145686,UNTREATED,0.0,Negative Control,5106,0.7448305101077258,0.7448305101077258
F22,BR00145692,BR00145686,AMG 900,5.1,JUMP Control,4785,0.1262261278449056,0.12622612784490567
F23,BR00145692,BR00145686,Natamycin,0.003,Negative Control,5231,0.9857200670636528,0.9857200670636527
F24,BR00145692,BR00145686,FK-866,5.1,JUMP Control,4586,-0.2572700468289299,-0.2572700468289299
G01,BR00145692,BR00145686,MILTEFOSINE,0.278,Negative Control,3639,-2.082249330327032,-2.082249330327032
G02,BR00145692,BR00145686,Cucurbitacin I,0.046,Positive Control,4133,-1.1302538012372088,-1.1302538012372088
G03,BR00145692,BR00145686,DMSO,0.0,Negative Control,5302,1.122545335414619,1.122545335414619
G04,BR00145692,BR00145686,UNTREATED,0.0,Negative Control,5039,0.6157137075793491,0.6157137075793491
G05,BR00145692,BR00145686,MUPIROCIN,3.704,Negative Control,4406,-0.6041510088454646,-0.6041510088454646
G06,BR00145692,BR00145686,PEMIROLAST POTASSIUM,75.0,Negative Control,5246,1.0146268138983638,1.0146268138983638
G07,BR00145692,BR00145686,FCCP,0.412,Positive Control,4798,0.151278641768322,0.15127864176832206
G08,BR00145692,BR00145686,Aminodarone Hydrochloride,0.463,Positive Control,4291,-0.8257694012449173,-0.8257694012449173
G09,BR00145692,BR00145686,UNTREATED,0.0,Negative Control,4570,-0.2881039101192885,-0.28810391011928854
G10,BR00145692,BR00145686,Triamcinolone acetonide,11.111,Negative Control,4725,0.0105991405060607,0.010599140506060782
G11,BR00145692,BR00145686,Imiquimod,0.021,Negative Control,5283,1.0859301227573184,1.0859301227573184
G12,BR00145692,BR00145686,DMSO,0.0,Negative Control,5084,0.7024339480834827,0.7024339480834827
G13,BR00145692,BR00145686,Calcipotriol (hydrate),0.137,Negative Control,4385,-0.6446204544140602,-0.6446204544140602
G14,BR00145692,BR00145686,UNTREATED,0.0,Negative Control,4516,-0.3921681987242489,-0.3921681987242489
G15,BR00145692,BR00145686,AMG 900,5.1,JUMP Control,5298,1.1148368695920294,1.1148368695920294
G16,BR00145692,BR00145686,Cycloheximide,0.015,Positive Control,5237,0.9972827657975372,0.9972827657975372
G17,BR00145692,BR00145686,Natamycin,7.5,Negative Control,4753,0.0645584012641884,0.0645584012641884
G18,BR00145692,BR00145686,Bevirimat,0.412,Negative Control,4670,-0.095392264554547,-0.09539226455454704
G19,BR00145692,BR00145686,"5,8,11-Eicosatriynoic acid",0.137,Positive Control,4659,-0.1165905455666686,-0.1165905455666686
G20,BR00145692,BR00145686,Amperozide,100.0,Positive Control,4697,-0.0433601202520668,-0.043360120252066835
G21,BR00145692,BR00145686,Colistin Methanesulfonate (sodium salt),1.235,Negative Control,5175,0.8778015455473975,0.8778015455473975
G22,BR00145692,BR00145686,Berberine chloride,0.004,Positive Control,4570,-0.2881039101192885,-0.28810391011928854
G23,BR00145692,BR00145686,Aloxistatin,5.1,JUMP Control,4919,0.3844597329016592,0.38445973290165925
G24,BR00145692,BR00145686,Ethoxyquin,0.015,Positive Control,4741,0.0414330037964194,0.04143300379641942
H01,BR00145692,BR00145686,Berberine chloride,75.0,Positive Control,4336,-0.7390491607407836,-0.7390491607407836
H02,BR00145692,BR00145686,Fluazinam,0.412,Positive Control,4353,-0.7062881809947775,-0.7062881809947775
H03,BR00145692,BR00145686,"5,6-benzoflavone",33.333,Positive Control,4463,-0.4943053708735619,-0.4943053708735619
H04,BR00145692,BR00145686,TC-S 7004,5.1,JUMP Control,4722,0.0048177911391185,0.004817791139118537
H05,BR00145692,BR00145686,Ethoxyquin,3.704,Positive Control,4735,0.0298703050625349,0.029870305062534932
H06,BR00145692,BR00145686,Rifampicin,0.137,Positive Control,4490,-0.4422732265710817,-0.4422732265710817
H07,BR00145692,BR00145686,Lys05,0.002,Positive Control,4630,-0.1724769227804436,-0.17247692278044363
H08,BR00145692,BR00145686,DMSO,0.0,Negative Control,4415,-0.5868069607446378,-0.5868069607446378
H09,BR00145692,BR00145686,Colistin Methanesulfonate (sodium salt),0.015,Negative Control,4743,0.0452872367077142,0.04528723670771425
H10,BR00145692,BR00145686,"5,8,11-Eicosatriynoic acid",0.412,Positive Control,4049,-1.2921315835115916,-1.2921315835115916
H11,BR00145692,BR00145686,IOPANOIC ACID,0.015,Negative Control,4899,0.345917403788711,0.345917403788711
H12,BR00145692,BR00145686,Natamycin,0.031,Negative Control,4666,-0.1031007303771367,-0.1031007303771367
H13,BR00145692,BR00145686,MILTEFOSINE,0.001,Negative Control,5314,1.145670732882388,1.145670732882388
H14,BR00145692,BR00145686,UNTREATED,0.0,Negative Control,4859,0.2688327455628144,0.2688327455628144
H15,BR00145692,BR00145686,MUPIROCIN,1.235,Negative Control,4935,0.4152935961920179,0.4152935961920179
H16,BR00145692,BR00145686,Treprostinil,0.046,Negative Control,4794,0.1435701759457324,0.1435701759457324
H17,BR00145692,BR00145686,UNTREATED,0.0,Negative Control,5064,0.6638916189705344,0.6638916189705344
H18,BR00145692,BR00145686,Nedocromil (sodium salt),0.309,Negative Control,4691,-0.0549228189859513,-0.054922818985951326
H19,BR00145692,BR00145686,Aloxistatin,5.1,JUMP Control,4889,0.3266462392322368,0.32664623923223685
H20,BR00145692,BR00145686,Bevirimat,100.0,Negative Control,5587,1.6717735252741324,1.6717735252741324
H21,BR00145692,BR00145686,PEMIROLAST POTASSIUM,0.011,Negative Control,5085,0.7043610645391302,0.7043610645391302
H22,BR00145692,BR00145686,DMSO,0.0,Negative Control,4827,0.2071650189820971,0.2071650189820971
H23,BR00145692,BR00145686,Cycloheximide,3.704,Positive Control,5405,1.321038330346303,1.321038330346303
H24,BR00145692,BR00145686,Staurosporine,300.0,Positive Control,5203,0.931760806305525,0.931760806305525
I01,BR00145692,BR00145686,Imiquimod,0.062,Negative Control,3709,-1.9473511784317128,-1.9473511784317128
I02,BR00145692,BR00145686,Treprostinil,0.137,Negative Control,3709,-1.9473511784317128,-1.9473511784317128
I03,BR00145692,BR00145686,NVS-PAK1-1,5.1,JUMP Control,4303,-0.8026440037771483,-0.8026440037771483
I04,BR00145692,BR00145686,Cladribine,300.0,Positive Control,4804,0.1628413405022065,0.16284134050220656
I05,BR00145692,BR00145686,UNTREATED,0.0,Negative Control,4674,-0.0876837987319573,-0.08768379873195738
I06,BR00145692,BR00145686,Nedocromil (sodium salt),0.034,Negative Control,3842,-1.6910446898306066,-1.6910446898306066
I07,BR00145692,BR00145686,IOPANOIC ACID,300.0,Negative Control,4376,-0.661964502514887,-0.661964502514887
I08,BR00145692,BR00145686,MILTEFOSINE,0.031,Negative Control,4750,0.0587770518972461,0.058777051897246156
I09,BR00145692,BR00145686,Cycloheximide,100.0,Positive Control,3887,-1.604324449326473,-1.604324449326473
I10,BR00145692,BR00145686,AMG 900,5.1,JUMP Control,4314,-0.7814457227650268,-0.7814457227650268
I11,BR00145692,BR00145686,"5,6-benzoflavone",1.235,Positive Control,4741,0.0414330037964194,0.04143300379641942
I12,BR00145692,BR00145686,Fluazinam,0.137,Positive Control,4441,-0.5367019328978051,-0.5367019328978051
I13,BR00145692,BR00145686,Amperozide,33.333,Positive Control,4615,-0.2013836696151548,-0.20138366961515486
I14,BR00145692,BR00145686,DMSO,0.0,Negative Control,5118,0.7679559075754948,0.7679559075754948
I15,BR00145692,BR00145686,Ethoxyquin,100.0,Positive Control,3812,-1.748858183500029,-1.748858183500029
I16,BR00145692,BR00145686,Rifampicin,0.015,Positive Control,4055,-1.2805688847777073,-1.2805688847777073
I17,BR00145692,BR00145686,Triamcinolone acetonide,1.235,Negative Control,5737,1.9608409936212448,1.9608409936212448
I18,BR00145692,BR00145686,PEMIROLAST POTASSIUM,0.103,Negative Control,4891,0.3305004721435317,0.3305004721435317
I19,BR00145692,BR00145686,Aminodarone Hydrochloride,4.167,Positive Control,4899,0.345917403788711,0.345917403788711
I20,BR00145692,BR00145686,UNTREATED,0.0,Negative Control,2003,-5.2350118517662025,-5.2350118517662025
I21,BR00145692,BR00145686,Staurosporine,11.111,Positive Control,3501,-2.348191401206375,-2.348191401206375
I22,BR00145692,BR00145686,Bevirimat,3.704,Negative Control,4643,-0.1474244088570272,-0.14742440885702723
I23,BR00145692,BR00145686,Actinomycin D,3.704,Positive Control,4816,0.1859667379699755,0.18596673796997554
I24,BR00145692,BR00145686,DMSO,0.0,Negative Control,4593,-0.243780231639398,-0.243780231639398
J01,BR00145692,BR00145686,DMSO,0.0,Negative Control,4086,-1.220828274652637,-1.2208282746526373
J02,BR00145692,BR00145686,IOPANOIC ACID,11.111,Negative Control,5011,0.5617544468212214,0.5617544468212214
J03,BR00145692,BR00145686,Berberine chloride,0.034,Positive Control,4768,0.0934651480988996,0.09346514809889962
J04,BR00145692,BR00145686,UNTREATED,0.0,Negative Control,3928,-1.5253126746449288,-1.5253126746449288
J05,BR00145692,BR00145686,Aminodarone Hydrochloride,12.5,Positive Control,4932,0.4095122468250756,0.40951224682507564
J06,BR00145692,BR00145686,MILTEFOSINE,2.5,Negative Control,4173,-1.053169143011312,-1.0531691430113121
J07,BR00145692,BR00145686,DMSO,0.0,Negative Control,4201,-0.9992098822531846,-0.9992098822531846
J08,BR00145692,BR00145686,Cladribine,3.704,Positive Control,4900,0.3478445202443584,0.3478445202443584
J09,BR00145692,BR00145686,Amperozide,11.111,Positive Control,4685,-0.0664855177198358,-0.06648551771983581
J10,BR00145692,BR00145686,PEMIROLAST POTASSIUM,2.778,Negative Control,4749,0.0568499354415987,0.05684993544159874
J11,BR00145692,BR00145686,Staurosporine,1.235,Positive Control,3972,-1.4405195505964423,-1.4405195505964425
J12,BR00145692,BR00145686,Calcipotriol (hydrate),0.046,Negative Control,4781,0.118517662022316,0.11851766202231602
J13,BR00145692,BR00145686,Actinomycin D,11.111,Positive Control,4995,0.5309205835308628,0.5309205835308628
J14,BR00145692,BR00145686,Fluazinam,3.704,Positive Control,4814,0.1821125050586807,0.1821125050586807
J15,BR00145692,BR00145686,Cycloheximide,300.0,Positive Control,5756,1.9974562062785457,1.9974562062785455
J16,BR00145692,BR00145686,Dexamethasone (DHAP),5.1,JUMP Control,4107,-1.1803588290840417,-1.1803588290840417
J17,BR00145692,BR00145686,UNTREATED,0.0,Negative Control,5190,0.9067082923821088,0.9067082923821087
J18,BR00145692,BR00145686,FCCP,100.0,Positive Control,4647,-0.1397159430344375,-0.13971594303443757
J19,BR00145692,BR00145686,UNTREATED,0.0,Negative Control,4299,-0.810352469599738,-0.810352469599738
J20,BR00145692,BR00145686,CLIOQUINOL,33.333,Negative Control,3453,-2.440692991077451,-2.440692991077451
J21,BR00145692,BR00145686,Dexamethasone (DHAP),5.1,JUMP Control,4916,0.378678383534717,0.378678383534717
J22,BR00145692,BR00145686,"5,8,11-Eicosatriynoic acid",0.046,Positive Control,4154,-1.089784355668613,-1.089784355668613
J23,BR00145692,BR00145686,MUPIROCIN,11.111,Negative Control,4390,-0.6349848721358232,-0.6349848721358232
J24,BR00145692,BR00145686,Colistin Methanesulfonate (sodium salt),11.111,Negative Control,4617,-0.19752943670386,-0.19752943670386003
K01,BR00145692,BR00145686,CLIOQUINOL,0.046,Negative Control,4156,-1.0859301227573184,-1.0859301227573184
K02,BR00145692,BR00145686,UNTREATED,0.0,Negative Control,4412,-0.5925883101115801,-0.5925883101115801
K03,BR00145692,BR00145686,MILTEFOSINE,0.003,Negative Control,4640,-0.1532057582239694,-0.15320575822396948
K04,BR00145692,BR00145686,NVS-PAK1-1,5.1,JUMP Control,5084,0.7024339480834827,0.7024339480834827
K05,BR00145692,BR00145686,Rifampicin,300.0,Positive Control,4331,-0.7486847430190207,-0.7486847430190207
K06,BR00145692,BR00145686,UNTREATED,0.0,Negative Control,4526,-0.3728970341677747,-0.37289703416777475
K07,BR00145692,BR00145686,Cucurbitacin I,0.137,Positive Control,4782,0.1204447784779634,0.12044477847796344
K08,BR00145692,BR00145686,Cycloheximide,33.333,Positive Control,4891,0.3305004721435317,0.3305004721435317
K09,BR00145692,BR00145686,Actinomycin D,100.0,Positive Control,2395,-4.479582201152416,-4.479582201152416
K10,BR00145692,BR00145686,Aloxistatin,5.1,JUMP Control,4438,-0.5424832822647473,-0.5424832822647473
K11,BR00145692,BR00145686,Triamcinolone acetonide,3.704,Negative Control,4913,0.3728970341677747,0.37289703416777475
K12,BR00145692,BR00145686,Amperozide,1.235,Positive Control,4212,-0.978011601241063,-0.978011601241063
K13,BR00145692,BR00145686,Berberine chloride,0.926,Positive Control,4954,0.4519088088493188,0.4519088088493188
K14,BR00145692,BR00145686,Imiquimod,0.007,Negative Control,4474,-0.4731070898614403,-0.47310708986144034
K15,BR00145692,BR00145686,PEMIROLAST POTASSIUM,0.926,Negative Control,5081,0.6966525987165405,0.6966525987165405
K16,BR00145692,BR00145686,MUPIROCIN,0.137,Negative Control,5355,1.2246825075639325,1.2246825075639323
K17,BR00145692,BR00145686,DMSO,0.0,Negative Control,5501,1.5060415100884548,1.5060415100884548
K18,BR00145692,BR00145686,Natamycin,0.001,Negative Control,5398,1.307548515156771,1.307548515156771
K19,BR00145692,BR00145686,DMSO,0.0,Negative Control,4982,0.5058680696074465,0.5058680696074465
K20,BR00145692,BR00145686,Lys05,1.667,Positive Control,5379,1.2709333024994702,1.2709333024994702
K21,BR00145692,BR00145686,Calcipotriol (hydrate),3.704,Negative Control,4481,-0.4596172746719084,-0.45961727467190844
K22,BR00145692,BR00145686,Nedocromil (sodium salt),0.004,Negative Control,5139,0.8084253531440906,0.8084253531440906
K23,BR00145692,BR00145686,UNTREATED,0.0,Negative Control,4754,0.0664855177198358,0.06648551771983581
K24,BR00145692,BR00145686,Aminodarone Hydrochloride,0.051,Positive Control,5391,1.294058699967239,1.294058699967239
L01,BR00145692,BR00145686,Cycloheximide,0.046,Positive Control,4593,-0.243780231639398,-0.243780231639398
L02,BR00145692,BR00145686,Natamycin,0.278,Negative Control,4212,-0.978011601241063,-0.978011601241063
L03,BR00145692,BR00145686,Triamcinolone acetonide,300.0,Negative Control,5428,1.3653620088261935,1.3653620088261935
L04,BR00145692,BR00145686,PEMIROLAST POTASSIUM,0.034,Negative Control,4475,-0.4711799734057929,-0.47117997340579293
L05,BR00145692,BR00145686,Lys05,5.0,Positive Control,5480,1.465572064519859,1.465572064519859
L06,BR00145692,BR00145686,FK-866,5.1,JUMP Control,4276,-0.8546761480796286,-0.8546761480796286
L07,BR00145692,BR00145686,Imiquimod,0.556,Negative Control,4950,0.4442003430267291,0.4442003430267291
L08,BR00145692,BR00145686,UNTREATED,0.0,Negative Control,4878,0.3054479582201153,0.3054479582201153
L09,BR00145692,BR00145686,Cucurbitacin I,0.015,Positive Control,4865,0.2803954442966989,0.2803954442966989
L10,BR00145692,BR00145686,Colistin Methanesulfonate (sodium salt),300.0,Negative Control,5771,2.0263629531132565,2.0263629531132565
L11,BR00145692,BR00145686,FCCP,3.704,Positive Control,5348,1.2111926923744003,1.2111926923744003
L12,BR00145692,BR00145686,TC-S 7004,5.1,JUMP Control,5119,0.7698830240311423,0.7698830240311423
L13,BR00145692,BR00145686,Aminodarone Hydrochloride,1.389,Positive Control,5017,0.5733171455551059,0.5733171455551059
L14,BR00145692,BR00145686,Calcipotriol (hydrate),0.412,Negative Control,5201,0.9279065733942302,0.9279065733942302
L15,BR00145692,BR00145686,DMSO,0.0,Negative Control,4847,0.2457073480950454,0.2457073480950454
L16,BR00145692,BR00145686,Ethoxyquin,33.333,Positive Control,5146,0.8219151683336224,0.8219151683336224
L17,BR00145692,BR00145686,Rifampicin,0.412,Positive Control,5061,0.6581102696035922,0.6581102696035922
L18,BR00145692,BR00145686,Amperozide,0.015,Positive Control,4994,0.5289934670752154,0.5289934670752154
L19,BR00145692,BR00145686,"5,6-benzoflavone",11.111,Positive Control,5794,2.0706866315931474,2.0706866315931474
L20,BR00145692,BR00145686,Treprostinil,0.015,Negative Control,5546,1.5927617505925884,1.5927617505925884
L21,BR00145692,BR00145686,"5,8,11-Eicosatriynoic acid",11.111,Positive Control,5046,0.6292035227688809,0.6292035227688809
L22,BR00145692,BR00145686,Fluazinam,0.046,Positive Control,5386,1.284423117689002,1.284423117689002
L23,BR00145692,BR00145686,DMSO,0.0,Negative Control,4912,0.3709699177121273,0.37096991771212734
L24,BR00145692,BR00145686,IOPANOIC ACID,0.412,Negative Control,5137,0.8045711202327958,0.8045711202327958
M01,BR00145692,BR00145686,DMSO,0.0,Negative Control,3292,-2.7509587404366846,-2.7509587404366846
M02,BR00145692,BR00145686,Nedocromil (sodium salt),0.011,Negative Control,4514,-0.3960224316355437,-0.39602243163554374
M03,BR00145692,BR00145686,MUPIROCIN,33.333,Negative Control,4313,-0.7833728392206741,-0.7833728392206741
M04,BR00145692,BR00145686,DMSO,0.0,Negative Control,4291,-0.8257694012449173,-0.8257694012449173
M05,BR00145692,BR00145686,Natamycin,0.01,Negative Control,4475,-0.4711799734057929,-0.47117997340579293
M06,BR00145692,BR00145686,"5,6-benzoflavone",0.046,Positive Control,4463,-0.4943053708735619,-0.4943053708735619
M07,BR00145692,BR00145686,CLIOQUINOL,11.111,Negative Control,4881,0.3112293075870575,0.3112293075870575
M08,BR00145692,BR00145686,UNTREATED,0.0,Negative Control,4736,0.0317974215181823,0.031797421518182344
M09,BR00145692,BR00145686,Ethoxyquin,0.046,Positive Control,4834,0.220654834171629,0.220654834171629
M10,BR00145692,BR00145686,UNTREATED,0.0,Negative Control,4963,0.4692528569501455,0.4692528569501455
M11,BR00145692,BR00145686,Treprostinil,33.333,Negative Control,4686,-0.0645584012641884,-0.0645584012641884
M12,BR00145692,BR00145686,Lys05,0.062,Positive Control,4832,0.2168006012603341,0.21680060126033418
M13,BR00145692,BR00145686,Quinidine,5.1,JUMP Control,5120,0.7718101404867896,0.7718101404867896
M14,BR00145692,BR00145686,Staurosporine,0.046,Positive Control,4378,-0.6581102696035922,-0.6581102696035922
M15,BR00145692,BR00145686,Cucurbitacin I,0.412,Positive Control,4802,0.1589871075909117,0.15898710759091172
M16,BR00145692,BR00145686,Berberine chloride,8.333,Positive Control,5809,2.0995933784278584,2.0995933784278584
M17,BR00145692,BR00145686,Calcipotriol (hydrate),33.333,Negative Control,4979,0.5000867202405042,0.5000867202405042
M18,BR00145692,BR00145686,Fluazinam,1.235,Positive Control,4790,0.1358617101231427,0.13586171012314274
M19,BR00145692,BR00145686,Bevirimat,1.235,Negative Control,4692,-0.0529957025303039,-0.05299570253030391
M20,BR00145692,BR00145686,MILTEFOSINE,0.833,Negative Control,4966,0.4750342063170877,0.47503420631708776
M21,BR00145692,BR00145686,Imiquimod,5.0,Negative Control,5503,1.5098957429997495,1.5098957429997495
M22,BR00145692,BR00145686,Quinidine,5.1,JUMP Control,4926,0.3979495480911911,0.39794954809119115
M23,BR00145692,BR00145686,Colistin Methanesulfonate (sodium salt),0.046,Negative Control,5298,1.1148368695920294,1.1148368695920294
M24,BR00145692,BR00145686,Amperozide,0.137,Positive Control,4569,-0.2900310265749359,-0.29003102657493596
N01,BR00145692,BR00145686,Colistin Methanesulfonate (sodium salt),0.137,Negative Control,3859,-1.6582837100846004,-1.6582837100846004
N02,BR00145692,BR00145686,Calcipotriol (hydrate),11.111,Negative Control,4021,-1.3460908442697193,-1.3460908442697193
N03,BR00145692,BR00145686,Bevirimat,11.111,Negative Control,4953,0.4499816923936713,0.44998169239367136
N04,BR00145692,BR00145686,UNTREATED,0.0,Negative Control,4172,-1.0550962594669595,-1.0550962594669597
N05,BR00145692,BR00145686,Treprostinil,1.235,Negative Control,5591,1.679481991096722,1.679481991096722
N06,BR00145692,BR00145686,Cladribine,11.111,Positive Control,4516,-0.3921681987242489,-0.3921681987242489
N07,BR00145692,BR00145686,UNTREATED,0.0,Negative Control,5109,0.7506118594746681,0.7506118594746681
N08,BR00145692,BR00145686,LY2109761,5.1,JUMP Control,4454,-0.5116494189743886,-0.5116494189743886
N09,BR00145692,BR00145686,MUPIROCIN,0.412,Negative Control,4907,0.3613343354338903,0.3613343354338903
N10,BR00145692,BR00145686,Actinomycin D,0.046,Positive Control,4586,-0.2572700468289299,-0.2572700468289299
N11,BR00145692,BR00145686,DMSO,0.0,Negative Control,4151,-1.0955657050355554,-1.0955657050355554
N12,BR00145692,BR00145686,FCCP,0.137,Positive Control,5156,0.8411863328900966,0.8411863328900966
N13,BR00145692,BR00145686,Ethoxyquin,1.235,Positive Control,4698,-0.0414330037964194,-0.04143300379641942
N14,BR00145692,BR00145686,Triamcinolone acetonide,33.333,Negative Control,5652,1.7970360948912143,1.7970360948912143
N15,BR00145692,BR00145686,Lys05,0.007,Positive Control,4637,-0.1589871075909117,-0.15898710759091172
N16,BR00145692,BR00145686,"5,6-benzoflavone",0.015,Positive Control,5377,1.2670790695881753,1.2670790695881753
N17,BR00145692,BR00145686,Cucurbitacin I,300.0,Positive Control,4575,-0.2784683278410514,-0.27846832784105147
N18,BR00145692,BR00145686,DMSO,0.0,Negative Control,5180,0.8874371278256346,0.8874371278256346
N19,BR00145692,BR00145686,CLIOQUINOL,3.704,Negative Control,4378,-0.6581102696035922,-0.6581102696035922
N20,BR00145692,BR00145686,IOPANOIC ACID,1.235,Negative Control,5314,1.145670732882388,1.145670732882388
N21,BR00145692,BR00145686,UNTREATED,0.0,Negative Control,4432,-0.5540459809986318,-0.5540459809986318
N22,BR00145692,BR00145686,Staurosporine,0.412,Positive Control,4984,0.5097223025187413,0.5097223025187413
N23,BR00145692,BR00145686,Dexamethasone (DHAP),5.1,JUMP Control,5376,1.265151953132528,1.265151953132528
N24,BR00145692,BR00145686,"5,8,11-Eicosatriynoic acid",33.333,Positive Control,4662,-0.1108091961997263,-0.11080919619972636
O01,BR00145692,BR00145686,UNTREATED,0.0,Negative Control,4025,-1.3383823784471296,-1.3383823784471296
O02,BR00145692,BR00145686,FCCP,0.046,Positive Control,4258,-0.889364244281282,-0.889364244281282
O03,BR00145692,BR00145686,Staurosporine,100.0,Positive Control,3488,-2.3732439151297915,-2.3732439151297915
O04,BR00145692,BR00145686,Ethoxyquin,300.0,Positive Control,2913,-3.481335877127055,-3.481335877127055
O05,BR00145692,BR00145686,Colistin Methanesulfonate (sodium salt),100.0,Negative Control,4011,-1.3653620088261935,-1.3653620088261935
O06,BR00145692,BR00145686,DMSO,0.0,Negative Control,4959,0.4615443911275558,0.46154439112755585
O07,BR00145692,BR00145686,MUPIROCIN,300.0,Negative Control,3952,-1.4790618797093908,-1.4790618797093908
O08,BR00145692,BR00145686,Bevirimat,0.137,Negative Control,5170,0.8681659632691604,0.8681659632691604
O09,BR00145692,BR00145686,DMSO,0.0,Negative Control,4737,0.0337245379738297,0.03372453797382976
O10,BR00145692,BR00145686,"5,6-benzoflavone",3.704,Positive Control,4920,0.3863868493573066,0.38638684935730666
O11,BR00145692,BR00145686,Rifampicin,3.704,Positive Control,5029,0.5964425430228749,0.5964425430228749
O12,BR00145692,BR00145686,Cycloheximide,0.412,Positive Control,4711,-0.016380489873003,-0.016380489873003026
O13,BR00145692,BR00145686,Natamycin,0.833,Negative Control,4735,0.0298703050625349,0.029870305062534932
O14,BR00145692,BR00145686,NVS-PAK1-1,5.1,JUMP Control,4593,-0.243780231639398,-0.243780231639398
O15,BR00145692,BR00145686,UNTREATED,0.0,Negative Control,4890,0.3285733556878842,0.32857335568788426
O16,BR00145692,BR00145686,"5,8,11-Eicosatriynoic acid",100.0,Positive Control,5744,1.9743308088107765,1.9743308088107765
O17,BR00145692,BR00145686,Nedocromil (sodium salt),75.0,Negative Control,5089,0.7120695303617198,0.7120695303617198
O18,BR00145692,BR00145686,Lys05,0.021,Positive Control,4981,0.503940953151799,0.503940953151799
O19,BR00145692,BR00145686,Actinomycin D,1.235,Positive Control,2971,-3.369563122699505,-3.369563122699505
O20,BR00145692,BR00145686,Quinidine,5.1,JUMP Control,4469,-0.4827426721396774,-0.4827426721396774
O21,BR00145692,BR00145686,Cladribine,0.015,Positive Control,4730,0.0202347227842978,0.020234722784297856
O22,BR00145692,BR00145686,Imiquimod,1.667,Negative Control,5030,0.5983696594785223,0.5983696594785223
O23,BR00145692,BR00145686,Triamcinolone acetonide,100.0,Negative Control,4540,-0.345917403788711,-0.345917403788711
O24,BR00145692,BR00145686,Berberine chloride,0.103,Positive Control,4715,-0.0086720240504133,-0.008672024050413367
P01,BR00145692,BR00145686,Bevirimat,300.0,Negative Control,3350,-2.6391859860091347,-2.6391859860091347
P02,BR00145692,BR00145686,DMSO,0.0,Negative Control,3442,-2.4618912720895727,-2.4618912720895727
P03,BR00145692,BR00145686,Cucurbitacin I,1.235,Positive Control,3884,-1.610105798693415,-1.610105798693415
P04,BR00145692,BR00145686,Treprostinil,0.412,Negative Control,3741,-1.8856834518509955,-1.8856834518509955
P05,BR00145692,BR00145686,Dexamethasone (DHAP),5.1,JUMP Control,3755,-1.8587038214719316,-1.8587038214719316
P06,BR00145692,BR00145686,UNTREATED,0.0,Negative Control,4039,-1.311402748068066,-1.311402748068066
P07,BR00145692,BR00145686,Rifampicin,1.235,Positive Control,4006,-1.3749975911044303,-1.3749975911044305
P08,BR00145692,BR00145686,Nedocromil (sodium salt),0.103,Negative Control,3641,-2.078395097415737,-2.078395097415737
P09,BR00145692,BR00145686,"5,8,11-Eicosatriynoic acid",300.0,Positive Control,2094,-5.059644254302288,-5.059644254302288
P10,BR00145692,BR00145686,Fluazinam,33.333,Positive Control,4057,-1.2767146518664123,-1.2767146518664123
P11,BR00145692,BR00145686,UNTREATED,0.0,Negative Control,4198,-1.0049912316201268,-1.0049912316201268
P12,BR00145692,BR00145686,Berberine chloride,0.011,Positive Control,4101,-1.191921527817926,-1.191921527817926
P13,BR00145692,BR00145686,DMSO,0.0,Negative Control,4513,-0.3979495480911911,-0.39794954809119115
P14,BR00145692,BR00145686,CLIOQUINOL,100.0,Negative Control,4225,-0.9529590873176468,-0.9529590873176467
P15,BR00145692,BR00145686,UNTREATED,0.0,Negative Control,4402,-0.6118594746680542,-0.6118594746680542
P16,BR00145692,BR00145686,Cladribine,0.412,Positive Control,4787,0.1300803607562005,0.1300803607562005
P17,BR00145692,BR00145686,TC-S 7004,5.1,JUMP Control,4350,-0.7120695303617198,-0.7120695303617198
P18,BR00145692,BR00145686,UNTREATED,0.0,Negative Control,2342,-4.581719373301729,-4.581719373301729
P19,BR00145692,BR00145686,PEMIROLAST POTASSIUM,25.0,Negative Control,4897,0.3420631708774161,0.34206317087741617
P20,BR00145692,BR00145686,Natamycin,2.5,Negative Control,4200,-1.001136998708832,-1.001136998708832
P21,BR00145692,BR00145686,MILTEFOSINE,7.5,Negative Control,4106,-1.182285945539689,-1.182285945539689
P22,BR00145692,BR00145686,IOPANOIC ACID,100.0,Negative Control,4554,-0.3189377734096472,-0.3189377734096472
P23,BR00145692,BR00145686,Aminodarone Hydrochloride,0.017,Positive Control,4412,-0.5925883101115801,-0.5925883101115801
P24,BR00145692,BR00145686,FCCP,11.111,Positive Control,4159,-1.080148773390376,-1.080148773390376
A01,BR00145695,BR00145683,UNTREATED,0.0,Negative Control,3206,-2.415520032375557,-2.415520032375557
A02,BR00145695,BR00145683,Actinomycin D,300.0,Positive Control,1914,-5.13877647376231,-5.13877647376231
A03,BR00145695,BR00145683,Bevirimat,3.704,Negative Control,4112,-0.5058680696074465,-0.5058680696074465
A04,BR00145695,BR00145683,Ethoxyquin,0.137,Positive Control,3624,-1.534466477809254,-1.534466477809254
A05,BR00145695,BR00145683,UNTREATED,0.0,Negative Control,3601,-1.5829455011466345,-1.5829455011466345
A06,BR00145695,BR00145683,TC-S 7004,5.1,JUMP Control,3562,-1.6651490624578444,-1.6651490624578444
A07,BR00145695,BR00145683,Amperozide,0.046,Positive Control,4546,0.4089100229326858,0.40891002293268586
A08,BR00145695,BR00145683,UNTREATED,0.0,Negative Control,4133,-0.4616046135167949,-0.4616046135167949
A09,BR00145695,BR00145683,TC-S 7004,5.1,JUMP Control,4002,-0.737724268177526,-0.737724268177526
A10,BR00145695,BR00145683,IOPANOIC ACID,3.704,Negative Control,3547,-1.69676581680831,-1.69676581680831
A11,BR00145695,BR00145683,Treprostinil,3.704,Negative Control,3926,-0.8979158235532174,-0.8979158235532174
A12,BR00145695,BR00145683,MILTEFOSINE,0.01,Negative Control,3915,-0.9211014434102254,-0.9211014434102254
A13,BR00145695,BR00145683,Lys05,0.185,Positive Control,3064,-2.714825306893296,-2.714825306893296
A14,BR00145695,BR00145683,"5,8,11-Eicosatriynoic acid",0.015,Positive Control,3497,-1.802154997976528,-1.802154997976528
A15,BR00145695,BR00145683,Cycloheximide,11.111,Positive Control,3138,-2.558849318764333,-2.558849318764333
A16,BR00145695,BR00145683,CLIOQUINOL,300.0,Negative Control,4043,-0.6513051396195872,-0.6513051396195872
A17,BR00145695,BR00145683,Berberine chloride,8.333,Positive Control,3388,-2.031903412923243,-2.031903412923243
A18,BR00145695,BR00145683,Rifampicin,0.015,Positive Control,3743,-1.283640226628895,-1.2836402266288953
A19,BR00145695,BR00145683,Cucurbitacin I,11.111,Positive Control,2510,-3.8825374342371513,-3.8825374342371513
A20,BR00145695,BR00145683,Triamcinolone acetonide,0.412,Negative Control,3553,-1.6841191150681236,-1.6841191150681236
A21,BR00145695,BR00145683,Imiquimod,0.001,Negative Control,2858,-3.149028733306354,-3.149028733306354
A22,BR00145695,BR00145683,DMSO,0.0,Negative Control,2845,-3.1764299204100905,-3.1764299204100905
A23,BR00145695,BR00145683,UNTREATED,0.0,Negative Control,2569,-3.758178200458654,-3.758178200458654
A24,BR00145695,BR00145683,DMSO,0.0,Negative Control,2306,-4.312525293403481,-4.312525293403481
B01,BR00145695,BR00145683,MUPIROCIN,33.333,Negative Control,4395,0.0906346958046674,0.09063469580466749
B02,BR00145695,BR00145683,Nedocromil (sodium salt),0.103,Negative Control,4126,-0.4763590988803454,-0.4763590988803454
B03,BR00145695,BR00145683,UNTREATED,0.0,Negative Control,4958,1.2773168757588025,1.2773168757588023
B04,BR00145695,BR00145683,AMG 900,5.1,JUMP Control,3895,-0.9632571158775126,-0.9632571158775126
B05,BR00145695,BR00145683,Cucurbitacin I,0.015,Positive Control,4261,-0.1918083097261567,-0.19180830972615676
B06,BR00145695,BR00145683,Rifampicin,0.046,Positive Control,4586,0.4932213678672603,0.4932213678672603
B07,BR00145695,BR00145683,DMSO,0.0,Negative Control,4058,-0.6196883852691218,-0.6196883852691218
B08,BR00145695,BR00145683,Cycloheximide,1.235,Positive Control,3751,-1.2667779576419804,-1.2667779576419804
B09,BR00145695,BR00145683,Staurosporine,100.0,Positive Control,2731,-3.4167172534736276,-3.4167172534736276
B10,BR00145695,BR00145683,UNTREATED,0.0,Negative Control,4405,0.111712532038311,0.11171253203831108
B11,BR00145695,BR00145683,Berberine chloride,75.0,Positive Control,4812,0.9695804667476056,0.9695804667476057
B12,BR00145695,BR00145683,Cladribine,3.704,Positive Control,4685,0.7018919465803319,0.7018919465803319
B13,BR00145695,BR00145683,CLIOQUINOL,1.235,Negative Control,4466,0.240287333063537,0.24028733306353706
B14,BR00145695,BR00145683,"5,6-benzoflavone",33.333,Positive Control,4806,0.9569337650074194,0.9569337650074194
B15,BR00145695,BR00145683,MILTEFOSINE,0.001,Negative Control,4731,0.7988499932550924,0.7988499932550924
B16,BR00145695,BR00145683,Lys05,5.0,Positive Control,4472,0.2529340348037232,0.25293403480372323
B17,BR00145695,BR00145683,Amperozide,11.111,Positive Control,4264,-0.1854849588560637,-0.1854849588560637
B18,BR00145695,BR00145683,Imiquimod,0.007,Negative Control,4196,-0.3288142452448401,-0.32881424524484015
B19,BR00145695,BR00145683,DMSO,0.0,Negative Control,2014,-4.9279981114258735,-4.9279981114258735
B20,BR00145695,BR00145683,Bevirimat,0.046,Negative Control,3028,-2.7907055173344126,-2.7907055173344126
B21,BR00145695,BR00145683,Aloxistatin,5.1,JUMP Control,3923,-0.9042391744233104,-0.9042391744233105
B22,BR00145695,BR00145683,Natamycin,0.093,Negative Control,3407,-1.9918555240793203,-1.9918555240793203
B23,BR00145695,BR00145683,FCCP,0.046,Positive Control,3517,-1.7599993255092408,-1.7599993255092408
B24,BR00145695,BR00145683,PEMIROLAST POTASSIUM,0.004,Negative Control,4085,-0.5627782274382841,-0.5627782274382841
C01,BR00145695,BR00145683,Natamycin,0.001,Negative Control,3952,-0.8431134493457441,-0.8431134493457441
C02,BR00145695,BR00145683,Calcipotriol (hydrate),0.137,Negative Control,4751,0.8410056657223797,0.8410056657223797
C03,BR00145695,BR00145683,"5,6-benzoflavone",0.046,Positive Control,4559,0.4363112100364225,0.43631121003642254
C04,BR00145695,BR00145683,Lys05,0.001,Positive Control,4050,-0.6365506542560367,-0.6365506542560367
C05,BR00145695,BR00145683,NVS-PAK1-1,5.1,JUMP Control,4446,0.1981316605962498,0.19813166059624984
C06,BR00145695,BR00145683,Cladribine,11.111,Positive Control,3897,-0.9590415486307838,-0.9590415486307838
C07,BR00145695,BR00145683,FCCP,3.704,Positive Control,4862,1.0749696479158235,1.0749696479158237
C08,BR00145695,BR00145683,Amperozide,0.412,Positive Control,4779,0.9000236071765818,0.9000236071765818
C09,BR00145695,BR00145683,Imiquimod,0.062,Negative Control,4575,0.4700357480102523,0.4700357480102523
C10,BR00145695,BR00145683,DMSO,0.0,Negative Control,3821,-1.1192331040064751,-1.1192331040064751
C11,BR00145695,BR00145683,Aminodarone Hydrochloride,1.389,Positive Control,4914,1.1845743963307704,1.1845743963307704
C12,BR00145695,BR00145683,Bevirimat,0.015,Negative Control,4779,0.9000236071765818,0.9000236071765818
C13,BR00145695,BR00145683,UNTREATED,0.0,Negative Control,4296,-0.1180358829084041,-0.11803588290840417
C14,BR00145695,BR00145683,DMSO,0.0,Negative Control,4104,-0.5227303385943614,-0.5227303385943614
C15,BR00145695,BR00145683,Treprostinil,1.235,Negative Control,4412,0.1264670174018616,0.12646701740186161
C16,BR00145695,BR00145683,Colistin Methanesulfonate (sodium salt),0.412,Negative Control,4482,0.2740118710373668,0.2740118710373668
C17,BR00145695,BR00145683,Staurosporine,0.046,Positive Control,4055,-0.6260117361392149,-0.6260117361392149
C18,BR00145695,BR00145683,LY2109761,5.1,JUMP Control,4130,-0.4679279643868879,-0.46792796438688794
C19,BR00145695,BR00145683,MILTEFOSINE,0.031,Negative Control,2986,-2.879232429515716,-2.879232429515716
C20,BR00145695,BR00145683,Nedocromil (sodium salt),0.926,Negative Control,2623,-3.644357884796978,-3.6443578847969786
C21,BR00145695,BR00145683,"5,8,11-Eicosatriynoic acid",11.111,Positive Control,4725,0.7862032915149063,0.7862032915149063
C22,BR00145695,BR00145683,Actinomycin D,100.0,Positive Control,2151,-4.639231755024957,-4.639231755024957
C23,BR00145695,BR00145683,Cucurbitacin I,3.704,Positive Control,3410,-1.9855321732092273,-1.9855321732092273
C24,BR00145695,BR00145683,Berberine chloride,0.309,Positive Control,3383,-2.042442331040065,-2.042442331040065
D01,BR00145695,BR00145683,Colistin Methanesulfonate (sodium salt),33.333,Negative Control,3910,-0.9316403615270472,-0.9316403615270472
D02,BR00145695,BR00145683,IOPANOIC ACID,100.0,Negative Control,5018,1.403783893160664,1.4037838931606639
D03,BR00145695,BR00145683,FK-866,5.1,JUMP Control,4108,-0.5142992041009039,-0.5142992041009039
D04,BR00145695,BR00145683,Fluazinam,0.015,Positive Control,4030,-0.678706326723324,-0.678706326723324
D05,BR00145695,BR00145683,Ethoxyquin,33.333,Positive Control,4878,1.1086941858896535,1.1086941858896535
D06,BR00145695,BR00145683,UNTREATED,0.0,Negative Control,3999,-0.7440476190476191,-0.7440476190476191
D07,BR00145695,BR00145683,PEMIROLAST POTASSIUM,0.309,Negative Control,4688,0.708215297450425,0.708215297450425
D08,BR00145695,BR00145683,UNTREATED,0.0,Negative Control,4404,0.1096047484149467,0.10960474841494672
D09,BR00145695,BR00145683,Nedocromil (sodium salt),2.778,Negative Control,5087,1.5492209631728049,1.5492209631728047
D10,BR00145695,BR00145683,Lys05,0.002,Positive Control,4384,0.0674490759476595,0.06744907594765952
D11,BR00145695,BR00145683,Staurosporine,11.111,Positive Control,3069,-2.704286388776474,-2.704286388776474
D12,BR00145695,BR00145683,Aloxistatin,5.1,JUMP Control,4031,-0.6765985430999596,-0.6765985430999596
D13,BR00145695,BR00145683,Triamcinolone acetonide,3.704,Negative Control,4820,0.9864427357345206,0.9864427357345206
D14,BR00145695,BR00145683,Amperozide,1.235,Positive Control,4192,-0.3372453797382976,-0.3372453797382976
D15,BR00145695,BR00145683,Aminodarone Hydrochloride,0.017,Positive Control,5104,1.5850532847699987,1.5850532847699987
D16,BR00145695,BR00145683,Cycloheximide,100.0,Positive Control,4259,-0.1960238769728854,-0.19602387697288548
D17,BR00145695,BR00145683,DMSO,0.0,Negative Control,4581,0.4826824497504384,0.48268244975043845
D18,BR00145695,BR00145683,Cucurbitacin I,0.137,Positive Control,3649,-1.481771887225145,-1.481771887225145
D19,BR00145695,BR00145683,Natamycin,0.031,Negative Control,4029,-0.6808141103466883,-0.6808141103466883
D20,BR00145695,BR00145683,DMSO,0.0,Negative Control,3779,-1.2077600161877784,-1.2077600161877784
D21,BR00145695,BR00145683,Bevirimat,0.137,Negative Control,4800,0.9442870632672332,0.9442870632672333
D22,BR00145695,BR00145683,Calcipotriol (hydrate),300.0,Negative Control,5205,1.7979394307297991,1.7979394307297991
D23,BR00145695,BR00145683,CLIOQUINOL,11.111,Negative Control,4263,-0.187592742479428,-0.18759274247942806
D24,BR00145695,BR00145683,Rifampicin,0.412,Positive Control,2959,-2.9361425873465534,-2.9361425873465534
E01,BR00145695,BR00145683,Treprostinil,300.0,Negative Control,3334,-2.1457237285849184,-2.1457237285849184
E02,BR00145695,BR00145683,AMG 900,5.1,JUMP Control,5147,1.6756879805746665,1.6756879805746663
E03,BR00145695,BR00145683,Aminodarone Hydrochloride,0.002,Positive Control,4022,-0.6955685957102389,-0.6955685957102389
E04,BR00145695,BR00145683,Colistin Methanesulfonate (sodium salt),1.235,Negative Control,4423,0.1496526372588695,0.14965263725886957
E05,BR00145695,BR00145683,"5,6-benzoflavone",3.704,Positive Control,4967,1.2962869283690814,1.2962869283690814
E06,BR00145695,BR00145683,FCCP,0.412,Positive Control,3673,-1.4311850802644004,-1.4311850802644004
E07,BR00145695,BR00145683,MUPIROCIN,3.704,Negative Control,4790,0.9232092270335898,0.9232092270335898
E08,BR00145695,BR00145683,"5,8,11-Eicosatriynoic acid",300.0,Positive Control,2505,-3.893076352353973,-3.893076352353973
E09,BR00145695,BR00145683,UNTREATED,0.0,Negative Control,4601,0.5248381222177256,0.5248381222177256
E10,BR00145695,BR00145683,MILTEFOSINE,0.0,Negative Control,4576,0.4721435316336166,0.47214353163361666
E11,BR00145695,BR00145683,DMSO,0.0,Negative Control,4495,0.3014130581411035,0.3014130581411035
E12,BR00145695,BR00145683,Nedocromil (sodium salt),0.034,Negative Control,4474,0.2571496020504519,0.25714960205045195
E13,BR00145695,BR00145683,NVS-PAK1-1,5.1,JUMP Control,4197,-0.3267064616214758,-0.3267064616214758
E14,BR00145695,BR00145683,PEMIROLAST POTASSIUM,75.0,Negative Control,5203,1.7937238634830703,1.7937238634830703
E15,BR00145695,BR00145683,DMSO,0.0,Negative Control,4309,-0.0906346958046674,-0.09063469580466749
E16,BR00145695,BR00145683,Fluazinam,0.137,Positive Control,4201,-0.3182753271280183,-0.31827532712801837
E17,BR00145695,BR00145683,UNTREATED,0.0,Negative Control,1957,-5.0481417779576425,-5.0481417779576425
E18,BR00145695,BR00145683,UNTREATED,0.0,Negative Control,4891,1.13609537299339,1.13609537299339
E19,BR00145695,BR00145683,Cladribine,1.235,Positive Control,3802,-1.159280992850398,-1.159280992850398
E20,BR00145695,BR00145683,Imiquimod,0.002,Negative Control,3669,-1.439616214757858,-1.439616214757858
E21,BR00145695,BR00145683,Actinomycin D,11.111,Positive Control,3558,-1.673580196951302,-1.673580196951302
E22,BR00145695,BR00145683,IOPANOIC ACID,0.046,Negative Control,4709,0.7524787535410765,0.7524787535410765
E23,BR00145695,BR00145683,Ethoxyquin,3.704,Positive Control,4206,-0.3077364090111966,-0.3077364090111966
E24,BR00145695,BR00145683,Cycloheximide,300.0,Positive Control,4515,0.3435687306083907,0.3435687306083907
F01,BR00145695,BR00145683,DMSO,0.0,Negative Control,4517,0.3477842978551194,0.34778429785511944
F02,BR00145695,BR00145683,UNTREATED,0.0,Negative Control,4168,-0.3878321866990422,-0.38783218669904224
F03,BR00145695,BR00145683,DMSO,0.0,Negative Control,4719,0.7735565897747202,0.7735565897747202
F04,BR00145695,BR00145683,IOPANOIC ACID,300.0,Negative Control,4552,0.421556724672872,0.42155672467287203
F05,BR00145695,BR00145683,"5,8,11-Eicosatriynoic acid",0.046,Positive Control,4292,-0.1264670174018616,-0.12646701740186161
F06,BR00145695,BR00145683,Berberine chloride,25.0,Positive Control,4353,0.0021077836233643,0.00210778362336436
F07,BR00145695,BR00145683,Triamcinolone acetonide,11.111,Negative Control,5275,1.9454842843653044,1.9454842843653044
F08,BR00145695,BR00145683,PEMIROLAST POTASSIUM,2.778,Negative Control,4224,-0.269796303790638,-0.26979630379063807
F09,BR00145695,BR00145683,UNTREATED,0.0,Negative Control,4846,1.041245109941994,1.041245109941994
F10,BR00145695,BR00145683,Cladribine,100.0,Positive Control,4084,-0.5648860110616485,-0.5648860110616485
F11,BR00145695,BR00145683,MUPIROCIN,0.137,Negative Control,4981,1.3257958990961825,1.3257958990961825
F12,BR00145695,BR00145683,Treprostinil,0.046,Negative Control,4508,0.3288142452448401,0.32881424524484015
F13,BR00145695,BR00145683,Rifampicin,33.333,Positive Control,4943,1.2457001214083367,1.2457001214083367
F14,BR00145695,BR00145683,NVS-PAK1-1,5.1,JUMP Control,4337,-0.0316167543504654,-0.031616754350465404
F15,BR00145695,BR00145683,Staurosporine,0.015,Positive Control,4402,0.105389181168218,0.10538918116821801
F16,BR00145695,BR00145683,UNTREATED,0.0,Negative Control,4995,1.3553048698232837,1.3553048698232835
F17,BR00145695,BR00145683,Aloxistatin,5.1,JUMP Control,3983,-0.7777721570214489,-0.7777721570214489
F18,BR00145695,BR00145683,Amperozide,0.015,Positive Control,4784,0.9105625252934036,0.9105625252934035
F19,BR00145695,BR00145683,Fluazinam,33.333,Positive Control,3436,-1.9307297990017536,-1.9307297990017538
F20,BR00145695,BR00145683,CLIOQUINOL,0.137,Negative Control,4425,0.1538682045055983,0.1538682045055983
F21,BR00145695,BR00145683,Ethoxyquin,300.0,Positive Control,1969,-5.02284837447727,-5.02284837447727
F22,BR00145695,BR00145683,Lys05,0.556,Positive Control,4253,-0.2086705787130716,-0.20867057871307165
F23,BR00145695,BR00145683,Imiquimod,0.185,Negative Control,4938,1.235161203291515,1.235161203291515
F24,BR00145695,BR00145683,Calcipotriol (hydrate),0.015,Negative Control,3897,-0.9590415486307838,-0.9590415486307838
G01,BR00145695,BR00145683,Actinomycin D,1.235,Positive Control,4193,-0.3351375961149332,-0.33513759611493327
G02,BR00145695,BR00145683,PEMIROLAST POTASSIUM,0.011,Negative Control,4241,-0.2339639821934439,-0.23396398219344397
G03,BR00145695,BR00145683,Cucurbitacin I,1.235,Positive Control,4363,0.0231856198570079,0.023185619857007962
G04,BR00145695,BR00145683,"5,6-benzoflavone",0.412,Positive Control,4410,0.1222514501551328,0.12225145015513289
G05,BR00145695,BR00145683,Natamycin,0.01,Negative Control,4535,0.3857244030756779,0.3857244030756779
G06,BR00145695,BR00145683,Bevirimat,300.0,Negative Control,5675,2.788597733711049,2.7885977337110486
G07,BR00145695,BR00145683,Aminodarone Hydrochloride,12.5,Positive Control,4569,0.4573890462700661,0.45738904627006616
G08,BR00145695,BR00145683,AMG 900,5.1,JUMP Control,4153,-0.4194489410495076,-0.41944894104950764
G09,BR00145695,BR00145683,"5,8,11-Eicosatriynoic acid",0.137,Positive Control,4239,-0.2381795494401727,-0.2381795494401727
G10,BR00145695,BR00145683,Fluazinam,300.0,Positive Control,5455,2.324885336570889,2.324885336570889
G11,BR00145695,BR00145683,FCCP,100.0,Positive Control,4128,-0.4721435316336166,-0.47214353163361666
G12,BR00145695,BR00145683,DMSO,0.0,Negative Control,4358,0.0126467017401861,0.01264670174018616
G13,BR00145695,BR00145683,Nedocromil (sodium salt),0.309,Negative Control,5069,1.511280857952246,1.511280857952246
G14,BR00145695,BR00145683,UNTREATED,0.0,Negative Control,4250,-0.2149939295831647,-0.21499392958316474
G15,BR00145695,BR00145683,Ethoxyquin,0.412,Positive Control,3819,-1.123448671253204,-1.123448671253204
G16,BR00145695,BR00145683,Quinidine,5.1,JUMP Control,4893,1.1403109402401188,1.1403109402401188
G17,BR00145695,BR00145683,Triamcinolone acetonide,1.235,Negative Control,4348,-0.0084311344934574,-0.00843113449345744
G18,BR00145695,BR00145683,Calcipotriol (hydrate),3.704,Negative Control,4609,0.5417003912046405,0.5417003912046405
G19,BR00145695,BR00145683,UNTREATED,0.0,Negative Control,3993,-0.7566943207878053,-0.7566943207878053
G20,BR00145695,BR00145683,IOPANOIC ACID,11.111,Negative Control,4088,-0.556454876568191,-0.556454876568191
G21,BR00145695,BR00145683,Colistin Methanesulfonate (sodium salt),0.137,Negative Control,4618,0.5606704438149198,0.5606704438149198
G22,BR00145695,BR00145683,MUPIROCIN,1.235,Negative Control,4289,-0.1327903682719546,-0.13279036827195467
G23,BR00145695,BR00145683,DMSO,0.0,Negative Control,3703,-1.3679515715634698,-1.3679515715634698
G24,BR00145695,BR00145683,Treprostinil,11.111,Negative Control,3277,-2.265867395116687,-2.265867395116687
H01,BR00145695,BR00145683,Rifampicin,300.0,Positive Control,3768,-1.2309456360447864,-1.2309456360447864
H02,BR00145695,BR00145683,Cycloheximide,0.046,Positive Control,4772,0.8852691218130312,0.8852691218130312
H03,BR00145695,BR00145683,UNTREATED,0.0,Negative Control,5313,2.02558006205315,2.02558006205315
H04,BR00145695,BR00145683,UNTREATED,0.0,Negative Control,4120,-0.4890058006205315,-0.48900580062053156
H05,BR00145695,BR00145683,DMSO,0.0,Negative Control,4346,-0.0126467017401861,-0.01264670174018616
H06,BR00145695,BR00145683,Staurosporine,300.0,Positive Control,3388,-2.031903412923243,-2.031903412923243
H07,BR00145695,BR00145683,DMSO,0.0,Negative Control,4330,-0.0463712397140159,-0.046371239714015924
H08,BR00145695,BR00145683,MILTEFOSINE,7.5,Negative Control,4345,-0.0147544853635505,-0.01475448536355052
H09,BR00145695,BR00145683,"5,6-benzoflavone",300.0,Positive Control,4564,0.4468501281532443,0.4468501281532443
H10,BR00145695,BR00145683,Calcipotriol (hydrate),0.046,Negative Control,4738,0.813604478618643,0.813604478618643
H11,BR00145695,BR00145683,Natamycin,0.003,Negative Control,4938,1.235161203291515,1.235161203291515
H12,BR00145695,BR00145683,CLIOQUINOL,100.0,Negative Control,5416,2.2426817752596793,2.2426817752596793
H13,BR00145695,BR00145683,Fluazinam,3.704,Positive Control,4257,-0.2002394442196142,-0.2002394442196142
H14,BR00145695,BR00145683,UNTREATED,0.0,Negative Control,3859,-1.0391373263186294,-1.0391373263186294
H15,BR00145695,BR00145683,Triamcinolone acetonide,0.015,Negative Control,4693,0.7187542155672468,0.7187542155672468
H16,BR00145695,BR00145683,Aminodarone Hydrochloride,4.167,Positive Control,4009,-0.7229697828139755,-0.7229697828139755
H17,BR00145695,BR00145683,MUPIROCIN,300.0,Negative Control,4686,0.7039997302036962,0.7039997302036962
H18,BR00145695,BR00145683,TC-S 7004,5.1,JUMP Control,3984,-0.7756643733980845,-0.7756643733980845
H19,BR00145695,BR00145683,Berberine chloride,0.103,Positive Control,3862,-1.0328139754485364,-1.0328139754485364
H20,BR00145695,BR00145683,Actinomycin D,3.704,Positive Control,2932,-2.9930527451773914,-2.9930527451773914
H21,BR00145695,BR00145683,Cladribine,0.046,Positive Control,4609,0.5417003912046405,0.5417003912046405
H22,BR00145695,BR00145683,FCCP,11.111,Positive Control,5089,1.5534365304195334,1.5534365304195334
H23,BR00145695,BR00145683,Colistin Methanesulfonate (sodium salt),100.0,Negative Control,4776,0.8937002563064886,0.8937002563064886
H24,BR00145695,BR00145683,FK-866,5.1,JUMP Control,3571,-1.6461790098475653,-1.6461790098475653
I01,BR00145695,BR00145683,Lys05,1.667,Positive Control,4120,-0.4890058006205315,-0.48900580062053156
I02,BR00145695,BR00145683,LY2109761,5.1,JUMP Control,3997,-0.7482631862943478,-0.7482631862943478
I03,BR00145695,BR00145683,Rifampicin,11.111,Positive Control,4800,0.9442870632672332,0.9442870632672333
I04,BR00145695,BR00145683,Cucurbitacin I,100.0,Positive Control,2490,-3.9246931067044386,-3.9246931067044386
I05,BR00145695,BR00145683,Actinomycin D,0.015,Positive Control,4202,-0.316167543504654,-0.31616754350465404
I06,BR00145695,BR00145683,Ethoxyquin,100.0,Positive Control,4674,0.678706326723324,0.678706326723324
I07,BR00145695,BR00145683,UNTREATED,0.0,Negative Control,4591,0.5037602859840821,0.5037602859840821
I08,BR00145695,BR00145683,Bevirimat,33.333,Negative Control,4957,1.2752090921354378,1.2752090921354378
I09,BR00145695,BR00145683,CLIOQUINOL,0.412,Negative Control,4250,-0.2149939295831647,-0.21499392958316474
I10,BR00145695,BR00145683,Triamcinolone acetonide,100.0,Negative Control,3687,-1.4016761095372994,-1.4016761095372994
I11,BR00145695,BR00145683,PEMIROLAST POTASSIUM,0.034,Negative Control,4524,0.3625387832186699,0.36253878321866995
I12,BR00145695,BR00145683,Quinidine,5.1,JUMP Control,3631,-1.5197119924457037,-1.5197119924457037
I13,BR00145695,BR00145683,UNTREATED,0.0,Negative Control,4049,-0.6386584378794011,-0.6386584378794011
I14,BR00145695,BR00145683,Cladribine,0.412,Positive Control,4237,-0.2423951166869014,-0.24239511668690142
I15,BR00145695,BR00145683,"5,8,11-Eicosatriynoic acid",3.704,Positive Control,4737,0.8114966949952787,0.8114966949952787
I16,BR00145695,BR00145683,DMSO,0.0,Negative Control,4333,-0.0400478888439228,-0.040047888843922845
I17,BR00145695,BR00145683,Treprostinil,100.0,Negative Control,4362,0.0210778362336436,0.0210778362336436
I18,BR00145695,BR00145683,Staurosporine,0.137,Positive Control,3441,-1.920190880884932,-1.920190880884932
I19,BR00145695,BR00145683,DMSO,0.0,Negative Control,4401,0.1032813975448536,0.10328139754485365
I20,BR00145695,BR00145683,Fluazinam,100.0,Positive Control,4607,0.5374848239579119,0.5374848239579119
I21,BR00145695,BR00145683,Calcipotriol (hydrate),1.235,Negative Control,4700,0.7335087009307973,0.7335087009307973
I22,BR00145695,BR00145683,Cycloheximide,3.704,Positive Control,4417,0.1370059355186834,0.1370059355186834
I23,BR00145695,BR00145683,Amperozide,300.0,Positive Control,4854,1.0581073789289088,1.0581073789289088
I24,BR00145695,BR00145683,Imiquimod,1.667,Negative Control,3388,-2.031903412923243,-2.031903412923243
J01,BR00145695,BR00145683,MILTEFOSINE,0.003,Negative Control,4067,-0.6007183326588427,-0.6007183326588427
J02,BR00145695,BR00145683,Colistin Methanesulfonate (sodium salt),11.111,Negative Control,4839,1.026490624578443,1.0264906245784433
J03,BR00145695,BR00145683,Treprostinil,0.137,Negative Control,5102,1.58083771752327,1.58083771752327
J04,BR00145695,BR00145683,DMSO,0.0,Negative Control,5229,1.848526237690544,1.8485262376905438
J05,BR00145695,BR00145683,Staurosporine,1.235,Positive Control,4578,0.4763590988803454,0.4763590988803454
J06,BR00145695,BR00145683,UNTREATED,0.0,Negative Control,5058,1.488095238095238,1.4880952380952381
J07,BR00145695,BR00145683,Cladribine,0.015,Positive Control,4441,0.187592742479428,0.18759274247942806
J08,BR00145695,BR00145683,Fluazinam,0.046,Positive Control,4127,-0.474251315256981,-0.474251315256981
J09,BR00145695,BR00145683,Cucurbitacin I,33.333,Positive Control,4420,0.1433292863887764,0.14332928638877648
J10,BR00145695,BR00145683,UNTREATED,0.0,Negative Control,3609,-1.5660832321597196,-1.5660832321597196
J11,BR00145695,BR00145683,DMSO,0.0,Negative Control,4698,0.7292931336840686,0.7292931336840686
J12,BR00145695,BR00145683,MUPIROCIN,0.046,Negative Control,4903,1.1613887764737625,1.1613887764737625
J13,BR00145695,BR00145683,Actinomycin D,0.046,Positive Control,4026,-0.6871374612167814,-0.6871374612167814
J14,BR00145695,BR00145683,Dexamethasone (DHAP),5.1,JUMP Control,4341,-0.0231856198570079,-0.023185619857007962
J15,BR00145695,BR00145683,UNTREATED,0.0,Negative Control,4500,0.3119519762579253,0.3119519762579253
J16,BR00145695,BR00145683,IOPANOIC ACID,1.235,Negative Control,4407,0.1159280992850398,0.1159280992850398
J17,BR00145695,BR00145683,FK-866,5.1,JUMP Control,4317,-0.0737724268177526,-0.0737724268177526
J18,BR00145695,BR00145683,UNTREATED,0.0,Negative Control,4677,0.685029677593417,0.685029677593417
J19,BR00145695,BR00145683,Lys05,0.007,Positive Control,4240,-0.2360717658168083,-0.23607176581680833
J20,BR00145695,BR00145683,Berberine chloride,0.034,Positive Control,5020,1.4079994604073924,1.4079994604073924
J21,BR00145695,BR00145683,Amperozide,3.704,Positive Control,3945,-0.8578679347092946,-0.8578679347092946
J22,BR00145695,BR00145683,Nedocromil (sodium salt),0.011,Negative Control,3889,-0.9759038176176988,-0.9759038176176987
J23,BR00145695,BR00145683,Triamcinolone acetonide,33.333,Negative Control,3601,-1.5829455011466345,-1.5829455011466345
J24,BR00145695,BR00145683,Bevirimat,100.0,Negative Control,4408,0.1180358829084041,0.11803588290840417
K01,BR00145695,BR00145683,PEMIROLAST POTASSIUM,25.0,Negative Control,4279,-0.1538682045055983,-0.1538682045055983
K02,BR00145695,BR00145683,Cucurbitacin I,0.412,Positive Control,3850,-1.0581073789289088,-1.0581073789289088
K03,BR00145695,BR00145683,CLIOQUINOL,33.333,Negative Control,4554,0.4257722919196007,0.42577229191960075
K04,BR00145695,BR00145683,MILTEFOSINE,0.833,Negative Control,4617,0.5585626601915554,0.5585626601915554
K05,BR00145695,BR00145683,Lys05,0.062,Positive Control,4469,0.2466106839336301,0.24661068393363014
K06,BR00145695,BR00145683,Imiquimod,0.556,Negative Control,4991,1.346873735329826,1.3468737353298261
K07,BR00145695,BR00145683,Dexamethasone (DHAP),5.1,JUMP Control,4653,0.6344428706326724,0.6344428706326724
K08,BR00145695,BR00145683,"5,6-benzoflavone",1.235,Positive Control,4504,0.3203831107513827,0.32038311075138276
K09,BR00145695,BR00145683,AMG 900,5.1,JUMP Control,4428,0.1601915553756913,0.16019155537569138
K10,BR00145695,BR00145683,Actinomycin D,0.137,Positive Control,3549,-1.6925502495615812,-1.6925502495615812
K11,BR00145695,BR00145683,Colistin Methanesulfonate (sodium salt),0.015,Negative Control,4665,0.6597362741130447,0.6597362741130447
K12,BR00145695,BR00145683,IOPANOIC ACID,33.333,Negative Control,4314,-0.0800957776878456,-0.08009577768784569
K13,BR00145695,BR00145683,DMSO,0.0,Negative Control,4423,0.1496526372588695,0.14965263725886957
K14,BR00145695,BR00145683,Aminodarone Hydrochloride,0.006,Positive Control,3827,-1.106586402266289,-1.106586402266289
K15,BR00145695,BR00145683,Calcipotriol (hydrate),33.333,Negative Control,4818,0.9822271684877918,0.9822271684877918
K16,BR00145695,BR00145683,Cladribine,0.137,Positive Control,4608,0.5395926075812761,0.5395926075812761
K17,BR00145695,BR00145683,UNTREATED,0.0,Negative Control,1716,-5.556117631188453,-5.556117631188453
K18,BR00145695,BR00145683,FCCP,0.015,Positive Control,4879,1.1108019695130178,1.1108019695130178
K19,BR00145695,BR00145683,UNTREATED,0.0,Negative Control,3962,-0.8220356131121004,-0.8220356131121004
K20,BR00145695,BR00145683,DMSO,0.0,Negative Control,4733,0.8030655605018212,0.8030655605018212
K21,BR00145695,BR00145683,MUPIROCIN,0.015,Negative Control,4973,1.3089336301092676,1.3089336301092676
K22,BR00145695,BR00145683,Staurosporine,33.333,Positive Control,4296,-0.1180358829084041,-0.11803588290840417
K23,BR00145695,BR00145683,Natamycin,7.5,Negative Control,4837,1.0222750573317143,1.0222750573317145
K24,BR00145695,BR00145683,Nedocromil (sodium salt),8.333,Negative Control,4253,-0.2086705787130716,-0.20867057871307165
L01,BR00145695,BR00145683,Staurosporine,0.412,Positive Control,4035,-0.6681674086065021,-0.6681674086065021
L02,BR00145695,BR00145683,Natamycin,0.278,Negative Control,4094,-0.5438081748280049,-0.5438081748280049
L03,BR00145695,BR00145683,LY2109761,5.1,JUMP Control,4713,0.760909888034534,0.760909888034534
L04,BR00145695,BR00145683,Imiquimod,15.0,Negative Control,4158,-0.4089100229326858,-0.40891002293268586
L05,BR00145695,BR00145683,Colistin Methanesulfonate (sodium salt),300.0,Negative Control,6230,3.958417644678269,3.9584176446782684
L06,BR00145695,BR00145683,DMSO,0.0,Negative Control,4220,-0.2782274382840955,-0.2782274382840955
L07,BR00145695,BR00145683,Fluazinam,0.412,Positive Control,4759,0.8578679347092946,0.8578679347092946
L08,BR00145695,BR00145683,FCCP,300.0,Positive Control,1726,-5.53503979495481,-5.53503979495481
L09,BR00145695,BR00145683,Calcipotriol (hydrate),11.111,Negative Control,4765,0.8705146364494807,0.8705146364494807
L10,BR00145695,BR00145683,Rifampicin,100.0,Positive Control,4502,0.316167543504654,0.31616754350465404
L11,BR00145695,BR00145683,Amperozide,0.137,Positive Control,4489,0.2887663564009173,0.28876635640091736
L12,BR00145695,BR00145683,Aminodarone Hydrochloride,0.154,Positive Control,4620,0.5648860110616485,0.5648860110616485
L13,BR00145695,BR00145683,MUPIROCIN,11.111,Negative Control,4545,0.4068022393093215,0.4068022393093215
L14,BR00145695,BR00145683,Treprostinil,0.015,Negative Control,4485,0.2803352219074599,0.2803352219074599
L15,BR00145695,BR00145683,UNTREATED,0.0,Negative Control,2377,-4.162872656144611,-4.162872656144611
L16,BR00145695,BR00145683,Ethoxyquin,11.111,Positive Control,4216,-0.2866585727775529,-0.28665857277755297
L17,BR00145695,BR00145683,"5,6-benzoflavone",0.137,Positive Control,4595,0.5121914204775395,0.5121914204775395
L18,BR00145695,BR00145683,DMSO,0.0,Negative Control,4573,0.4658201807635236,0.4658201807635236
L19,BR00145695,BR00145683,Cycloheximide,0.015,Positive Control,4327,-0.052694590584109,-0.052694590584109004
L20,BR00145695,BR00145683,UNTREATED,0.0,Negative Control,4135,-0.4573890462700661,-0.45738904627006616
L21,BR00145695,BR00145683,Quinidine,5.1,JUMP Control,4159,-0.4068022393093215,-0.4068022393093215
L22,BR00145695,BR00145683,PEMIROLAST POTASSIUM,0.926,Negative Control,4031,-0.6765985430999596,-0.6765985430999596
L23,BR00145695,BR00145683,Cladribine,300.0,Positive Control,3884,-0.9864427357345206,-0.9864427357345206
L24,BR00145695,BR00145683,IOPANOIC ACID,0.015,Negative Control,4480,0.269796303790638,0.26979630379063807
M01,BR00145695,BR00145683,UNTREATED,0.0,Negative Control,3479,-1.8400951031970865,-1.8400951031970862
M02,BR00145695,BR00145683,Treprostinil,0.412,Negative Control,4473,0.2550418184270875,0.25504181842708756
M03,BR00145695,BR00145683,Nedocromil (sodium salt),0.004,Negative Control,4671,0.6723829758532308,0.6723829758532308
M04,BR00145695,BR00145683,Actinomycin D,33.333,Positive Control,3944,-0.859975718332659,-0.859975718332659
M05,BR00145695,BR00145683,Triamcinolone acetonide,0.046,Negative Control,4546,0.4089100229326858,0.40891002293268586
M06,BR00145695,BR00145683,Natamycin,0.833,Negative Control,4562,0.4426345609065156,0.4426345609065156
M07,BR00145695,BR00145683,Ethoxyquin,0.046,Positive Control,4437,0.1791616079859706,0.1791616079859706
M08,BR00145695,BR00145683,DMSO,0.0,Negative Control,4794,0.9316403615270472,0.9316403615270472
M09,BR00145695,BR00145683,Cycloheximide,0.137,Positive Control,4494,0.2993052745177391,0.29930527451773914
M10,BR00145695,BR00145683,DMSO,0.0,Negative Control,4450,0.2065627950897073,0.2065627950897073
M11,BR00145695,BR00145683,Fluazinam,1.235,Positive Control,4252,-0.210778362336436,-0.21077836233643601
M12,BR00145695,BR00145683,Berberine chloride,2.778,Positive Control,4412,0.1264670174018616,0.12646701740186161
M13,BR00145695,BR00145683,FCCP,0.137,Positive Control,4770,0.8810535545663025,0.8810535545663025
M14,BR00145695,BR00145683,MILTEFOSINE,2.5,Negative Control,3745,-1.2794246593821663,-1.2794246593821665
M15,BR00145695,BR00145683,Quinidine,5.1,JUMP Control,3440,-1.9222986645082965,-1.9222986645082965
M16,BR00145695,BR00145683,Rifampicin,3.704,Positive Control,3581,-1.6251011736139216,-1.6251011736139216
M17,BR00145695,BR00145683,IOPANOIC ACID,0.412,Negative Control,4171,-0.3815088358289492,-0.3815088358289492
M18,BR00145695,BR00145683,UNTREATED,0.0,Negative Control,4128,-0.4721435316336166,-0.47214353163361666
M19,BR00145695,BR00145683,UNTREATED,0.0,Negative Control,4328,-0.0505868069607446,-0.05058680696074464
M20,BR00145695,BR00145683,MUPIROCIN,100.0,Negative Control,3766,-1.235161203291515,-1.235161203291515
M21,BR00145695,BR00145683,"5,6-benzoflavone",11.111,Positive Control,4491,0.292981923647646,0.292981923647646
M22,BR00145695,BR00145683,LY2109761,5.1,JUMP Control,3634,-1.5133886415756106,-1.5133886415756106
M23,BR00145695,BR00145683,UNTREATED,0.0,Negative Control,3663,-1.452262916498044,-1.452262916498044
M24,BR00145695,BR00145683,"5,8,11-Eicosatriynoic acid",1.235,Positive Control,3725,-1.3215803318494537,-1.3215803318494537
N01,BR00145695,BR00145683,Nedocromil (sodium salt),25.0,Negative Control,3962,-0.8220356131121004,-0.8220356131121004
N02,BR00145695,BR00145683,DMSO,0.0,Negative Control,5084,1.5428976123027116,1.5428976123027116
N03,BR00145695,BR00145683,Lys05,0.021,Positive Control,4748,0.8346823148522866,0.8346823148522866
N04,BR00145695,BR00145683,UNTREATED,0.0,Negative Control,4647,0.6217961688924862,0.6217961688924862
N05,BR00145695,BR00145683,Berberine chloride,0.011,Positive Control,4973,1.3089336301092676,1.3089336301092676
N06,BR00145695,BR00145683,FK-866,5.1,JUMP Control,5760,2.967759341697019,2.967759341697019
N07,BR00145695,BR00145683,UNTREATED,0.0,Negative Control,3225,-2.375472143531634,-2.375472143531634
N08,BR00145695,BR00145683,MUPIROCIN,0.412,Negative Control,4184,-0.3541076487252125,-0.3541076487252125
N09,BR00145695,BR00145683,Amperozide,33.333,Positive Control,4995,1.3553048698232837,1.3553048698232835
N10,BR00145695,BR00145683,CLIOQUINOL,0.046,Negative Control,4278,-0.1559759881289626,-0.15597598812896266
N11,BR00145695,BR00145683,Cycloheximide,33.333,Positive Control,3754,-1.2604546067718874,-1.2604546067718874
N12,BR00145695,BR00145683,Imiquimod,5.0,Negative Control,3628,-1.5260353433157967,-1.5260353433157967
N13,BR00145695,BR00145683,Treprostinil,33.333,Negative Control,4557,0.4320956427896938,0.4320956427896938
N14,BR00145695,BR00145683,Fluazinam,11.111,Positive Control,4769,0.8789457709429381,0.8789457709429381
N15,BR00145695,BR00145683,Bevirimat,0.412,Negative Control,4453,0.2128861459598003,0.21288614595980038
N16,BR00145695,BR00145683,"5,6-benzoflavone",100.0,Positive Control,5155,1.6925502495615812,1.6925502495615812
N17,BR00145695,BR00145683,Aminodarone Hydrochloride,0.051,Positive Control,4502,0.316167543504654,0.31616754350465404
N18,BR00145695,BR00145683,"5,8,11-Eicosatriynoic acid",0.412,Positive Control,3805,-1.152957641980305,-1.152957641980305
N19,BR00145695,BR00145683,PEMIROLAST POTASSIUM,0.103,Negative Control,3704,-1.3658437879401053,-1.3658437879401053
N20,BR00145695,BR00145683,FCCP,33.333,Positive Control,4488,0.2866585727775529,0.28665857277755297
N21,BR00145695,BR00145683,DMSO,0.0,Negative Control,4435,0.1749460407392419,0.1749460407392419
N22,BR00145695,BR00145683,Rifampicin,0.137,Positive Control,3845,-1.0686462970457309,-1.0686462970457307
N23,BR00145695,BR00145683,MILTEFOSINE,0.093,Negative Control,4193,-0.3351375961149332,-0.33513759611493327
N24,BR00145695,BR00145683,Aloxistatin,5.1,JUMP Control,3670,-1.4375084311344937,-1.4375084311344937
O01,BR00145695,BR00145683,Amperozide,100.0,Positive Control,3574,-1.6398556589774722,-1.6398556589774722
O02,BR00145695,BR00145683,CLIOQUINOL,3.704,Negative Control,4466,0.240287333063537,0.24028733306353706
O03,BR00145695,BR00145683,"5,8,11-Eicosatriynoic acid",100.0,Positive Control,5192,1.7705382436260624,1.7705382436260624
O04,BR00145695,BR00145683,FCCP,1.235,Positive Control,4477,0.263472952920545,0.263472952920545
O05,BR00145695,BR00145683,Dexamethasone (DHAP),5.1,JUMP Control,4259,-0.1960238769728854,-0.19602387697288548
O06,BR00145695,BR00145683,UNTREATED,0.0,Negative Control,3392,-2.023472278429786,-2.023472278429786
O07,BR00145695,BR00145683,Imiquimod,0.021,Negative Control,3903,-0.9463948468905976,-0.9463948468905977
O08,BR00145695,BR00145683,Cladribine,33.333,Positive Control,4050,-0.6365506542560367,-0.6365506542560367
O09,BR00145695,BR00145683,DMSO,0.0,Negative Control,4775,0.8915924726831244,0.8915924726831244
O10,BR00145695,BR00145683,Bevirimat,11.111,Negative Control,2986,-2.879232429515716,-2.879232429515716
O11,BR00145695,BR00145683,Calcipotriol (hydrate),0.412,Negative Control,3674,-1.429077296641036,-1.429077296641036
O12,BR00145695,BR00145683,Triamcinolone acetonide,0.137,Negative Control,3225,-2.375472143531634,-2.375472143531634
O13,BR00145695,BR00145683,Berberine chloride,0.004,Positive Control,4008,-0.7250775664373399,-0.7250775664373399
O14,BR00145695,BR00145683,Ethoxyquin,1.235,Positive Control,3155,-2.5230169971671392,-2.5230169971671392
O15,BR00145695,BR00145683,Actinomycin D,0.412,Positive Control,3112,-2.6136516929718066,-2.6136516929718066
O16,BR00145695,BR00145683,UNTREATED,0.0,Negative Control,3983,-0.7777721570214489,-0.7777721570214489
O17,BR00145695,BR00145683,PEMIROLAST POTASSIUM,8.333,Negative Control,3270,-2.2806218804802376,-2.2806218804802376
O18,BR00145695,BR00145683,Natamycin,0.0,Negative Control,4413,0.1285748010252259,0.12857480102522598
O19,BR00145695,BR00145683,TC-S 7004,5.1,JUMP Control,3346,-2.120430325104546,-2.120430325104546
O20,BR00145695,BR00145683,Cucurbitacin I,300.0,Positive Control,2828,-3.212262242007285,-3.212262242007285
O21,BR00145695,BR00145683,UNTREATED,0.0,Negative Control,3053,-2.7380109267503037,-2.7380109267503037
O22,BR00145695,BR00145683,Aminodarone Hydrochloride,37.5,Positive Control,3806,-1.1508498583569406,-1.1508498583569406
O23,BR00145695,BR00145683,DMSO,0.0,Negative Control,3541,-1.709412518548496,-1.709412518548496
O24,BR00145695,BR00145683,Colistin Methanesulfonate (sodium salt),3.704,Negative Control,3477,-1.844310670443815,-1.844310670443815
P01,BR00145695,BR00145683,DMSO,0.0,Negative Control,3455,-1.890681910157831,-1.890681910157831
P02,BR00145695,BR00145683,Rifampicin,1.235,Positive Control,3368,-2.0740590853905303,-2.0740590853905303
P03,BR00145695,BR00145683,Triamcinolone acetonide,300.0,Negative Control,3623,-1.5365742614326183,-1.5365742614326185
P04,BR00145695,BR00145683,Cycloheximide,0.412,Positive Control,3320,-2.1752326993120197,-2.1752326993120197
P05,BR00145695,BR00145683,Aminodarone Hydrochloride,0.463,Positive Control,3874,-1.007520571968164,-1.0075205719681641
P06,BR00145695,BR00145683,Calcipotriol (hydrate),100.0,Negative Control,3413,-1.9792088223391344,-1.9792088223391342
P07,BR00145695,BR00145683,Berberine chloride,0.926,Positive Control,4367,0.0316167543504654,0.031616754350465404
P08,BR00145695,BR00145683,Ethoxyquin,0.015,Positive Control,2835,-3.197507756643734,-3.197507756643734
P09,BR00145695,BR00145683,UNTREATED,0.0,Negative Control,3687,-1.4016761095372994,-1.4016761095372994
P10,BR00145695,BR00145683,Dexamethasone (DHAP),5.1,JUMP Control,3604,-1.5766221502765414,-1.5766221502765414
P11,BR00145695,BR00145683,IOPANOIC ACID,0.137,Negative Control,3672,-1.433292863887765,-1.433292863887765
P12,BR00145695,BR00145683,"5,8,11-Eicosatriynoic acid",33.333,Positive Control,3335,-2.1436159449615544,-2.1436159449615544
P13,BR00145695,BR00145683,Staurosporine,3.704,Positive Control,2584,-3.726561446108189,-3.726561446108189
P14,BR00145695,BR00145683,Bevirimat,1.235,Negative Control,2739,-3.399854984486713,-3.399854984486713
P15,BR00145695,BR00145683,Lys05,15.0,Positive Control,3808,-1.146634291110212,-1.1466342911102119
P16,BR00145695,BR00145683,DMSO,0.0,Negative Control,2792,-3.2881424524484015,-3.2881424524484015
P17,BR00145695,BR00145683,Colistin Methanesulfonate (sodium salt),0.046,Negative Control,3968,-0.8093889113719143,-0.8093889113719143
P18,BR00145695,BR00145683,"5,6-benzoflavone",0.015,Positive Control,2956,-2.9424659382166465,-2.9424659382166465
P19,BR00145695,BR00145683,CLIOQUINOL,0.015,Negative Control,2124,-4.696141912855794,-4.696141912855794
P20,BR00145695,BR00145683,NVS-PAK1-1,5.1,JUMP Control,2348,-4.223998381222177,-4.223998381222177
P21,BR00145695,BR00145683,Natamycin,2.5,Negative Control,2665,-3.5558309726156754,-3.5558309726156754
P22,BR00145695,BR00145683,MILTEFOSINE,0.278,Negative Control,2359,-4.20081276136517,-4.20081276136517
P23,BR00145695,BR00145683,Nedocromil (sodium salt),75.0,Negative Control,3046,-2.7527654121138543,-2.7527654121138543
P24,BR00145695,BR00145683,Cucurbitacin I,0.046,Positive Control,3062,-2.7190408741400245,-2.7190408741400245
